/*
Navicat MySQL Data Transfer

Source Server         : localhost_3306
Source Server Version : 50610
Source Host           : localhost:3306
Source Database       : user

Target Server Type    : MYSQL
Target Server Version : 50610
File Encoding         : 65001

Date: 2015-12-07 20:53:32
*/

SET FOREIGN_KEY_CHECKS=0;

-- ----------------------------
-- Table structure for `collect`
-- ----------------------------
DROP TABLE IF EXISTS `collect`;
CREATE TABLE `collect` (
  `cid` int(200) NOT NULL AUTO_INCREMENT,
  `cname` varchar(10) NOT NULL,
  `cfid` int(200) NOT NULL,
  `ctime` datetime NOT NULL,
  PRIMARY KEY (`cid`),
  KEY `cfid` (`cfid`) USING BTREE,
  CONSTRAINT `forum_collect` FOREIGN KEY (`cfid`) REFERENCES `forum` (`fid`) ON DELETE CASCADE ON UPDATE CASCADE
) ENGINE=InnoDB AUTO_INCREMENT=8 DEFAULT CHARSET=utf8;

-- ----------------------------
-- Records of collect
-- ----------------------------
INSERT INTO `collect` VALUES ('1', 'wxy', '13', '2015-12-05 14:28:25');
INSERT INTO `collect` VALUES ('2', 'wxy', '54', '2015-12-05 16:00:30');
INSERT INTO `collect` VALUES ('5', 'wxy', '8', '2015-12-07 20:32:42');
INSERT INTO `collect` VALUES ('6', 'wxy', '35', '2015-12-07 20:32:48');

-- ----------------------------
-- Table structure for `forum`
-- ----------------------------
DROP TABLE IF EXISTS `forum`;
CREATE TABLE `forum` (
  `fid` int(200) NOT NULL AUTO_INCREMENT,
  `fcreator` varchar(50) NOT NULL,
  `ftitle` varchar(1000) NOT NULL,
  `fcontent` varchar(20000) NOT NULL,
  `fclassid` int(10) NOT NULL,
  `fcreatetime` datetime NOT NULL,
  PRIMARY KEY (`fid`),
  KEY `fclassid` (`fclassid`) USING BTREE,
  CONSTRAINT `forumClassify_forum` FOREIGN KEY (`fclassid`) REFERENCES `forumclassify` (`id`) ON DELETE CASCADE ON UPDATE CASCADE
) ENGINE=InnoDB AUTO_INCREMENT=68 DEFAULT CHARSET=utf8;

-- ----------------------------
-- Records of forum
-- ----------------------------
INSERT INTO `forum` VALUES ('1', 'wxy', '怎样学好英语', '我们学语文的老师教我们古文时说这就是半门外语，也就是说，学习外语词汇很重要，下面，我给你具体讲讲我的一些心得。 \r\n1：在网络上，很多文章教大家怎么一个月过六级，半x个月过四级，个人认为：可能！但那绝对是针对英语基础比较好的朋友。如果你开始英语基础就不好，那就只能和我一样，脚踏实地的一步一步走。其实最重要的一点，就是学习没有捷径可以走。 \r\n\r\n2：听力： \r\n\r\n听力部分是四六级考试里面最容易拿分数的部分。总分20分里面，如果听力水平较好，拿16-18分不成问题。所谓的水平好，我觉得只要能听懂voa stand english，应付六级就足够了。作为我个人，我没系统听过历年四六级考试的题目，但是考试估分，听力都是16-18分。 \r\n\r\n最开始的时候，我连听voa special english都很困难。我的方法是：一个sp要听4-5次，把里面不懂的英语单词的发音，含义全部搞清楚，然后每天坚持2个小时的听力训练，狂攻sp。如果没事，就拿一个MP3吊耳朵，让自己慢慢习惯英语语境。2个月后，我听了一盘四级英语考试磁带，发现自己原来根本听不明白的东西变的简单了。 \r\n\r\n现在，你已经具备了一定的听力基础。接下来，可以进行一些special的听写，尝试听stand English。这个阶段真是打击你信心的时候^^：听写出现很多拼写错误，stand听起来象天书，然后就想：我的水平还是不行啊，5555~~~不过没关系，其实你已经在进步，只是你没察觉到而已。坚持下去，慢慢就发现自己的听写正确率提高了，而且stand也变得越来越熟悉。当听写special觉得简单的时候，就可以开始尝试听写比较短的stand。如果能坚持进行训练，半年左右，你就已经达到了六级外语听力的要求。因为六级对听力的要求不是特别高，能听懂stand的话，你真是会觉得六级的语音真的挺慢的。 \r\n\r\n这里说一点，其实考试前听一些历年四六级考试的听力真题，可以帮助你了解题型，熟悉考试模式，所以还是绝对值得的。本人对听力比较自负，所以没怎么听过，结果听力总是拿不到满分^^ \r\n\r\n3：单词 \r\n\r\n这是一个老生常谈的话题，大家知道，单词是英语的基础，没有单词，就好象建大厦没有砖头，只能幻想空中楼阁。但是被单词又被大家认为是最难，最枯燥的事情。基础好的朋友可以通过阅读学单词，但是对基础不好的，这点根本行不通。整篇文章都看不太明白，还谈什么学单词呢？既然咱们现在水平不行，就要拿出比别人更多的努力。我考完六级，背单词的草稿纸已经放满了一个大箱子。 \r\n\r\n大家肯定有这种经验，前不久背了的单词，很快就忘记了，那么该怎么办呢？我当时是每天固定背30-40个左右的单词，第二天复习前一天的单词，然后每个礼拜天，花1小时把一个礼拜的单词复习一下，每一个月又花几个小时把一个月的单词复习一次。 \r\n\r\n这样下去，半年就能积累比较大的词汇量。在考试前，把单词再温习一次。因为是针对考试，可以找到关于四六级考试的高频词语，重点背诵一下（网络上有很多相关资料）。 \r\n\r\n对于考试中间的vocabulary，就需要靠做题目了。我考六级的时候，是做的北外出的一本六级考试词汇突破。花一个礼拜把里面的题目全部弄清楚，不懂的单词全部记下来。因为六级往年的经验就是：很多题目是重复的。 \r\n\r\n4：阅读 \r\n\r\n阅读在我看来，就是通过增加阅读量，提高阅读速度，掌握一定的阅读技巧。 \r\n\r\n最开始的时候，因为基础比较差，太难的文章肯定不适合基础差的朋友。先可以看一些\"书虫\"（高中水平）一类的改编小说，练练感觉。当单词量积累到一定程度以后，就可以正式开始提高阅读水平了。第一是做真题，从四级到六级，力争把真题里的句子、单词都弄明白，并且对其中的难句做一定的分析，特别是语法结构。这里有一个问题：最开始你做题目的时候准确率会很低，千万别灰心，坚持下去，从每一篇阅读里面吸取精华，很快就会发现：阅读真的没那么可怕。第二，对于六级，平时可以看看China daily一类的新闻杂志，即可以提高自己的兴趣，又增强了阅读水平。现在我每天晚上都喜欢看1-2版英文报纸，已经成习惯了。 \r\n\r\n5:作文 \r\n\r\n作文一直是我最弱的项目。虽然我高中语文都是全班前三名，可惜大学根本没摸过语文书，丢光了。如果你按照上面三个方面去学习，你作文肯定不会很差劲，毕竟英语是一个综合提高的过程，你听力、阅读，单词都不错，不可能作文会差得一塌糊涂。 \r\n\r\n但是这不代表不要努力。这里我记得一个六级提高班的英语老师说过的一句话：读书破万卷，下笔如有神。作文一个字：背！如果你背了很多很多范文，作文不会低于6分的。但是我建议在背的同时，可以用一个小本子，把一些很精彩的句子抄下来，经常看看，并举一反三。同样一个句子，用在不同的地方，会有什么不同的效果呢？自己体会一下。而且这些精彩句子正是出彩之处，也是老师给你高分的依据。 \r\n\r\n写到这里，我的经验也基本上说得差不多了，希望对大家能有所帮助，特别是基础不太好的朋友。其实四六级真的不难，难的是，你有没有决心！象我基础这么差的人都可以过六级，你也一定能行：） \r\n\r\n6:要对自己有信心，相信自己，付诸努力，坚持下来，你一定能行。\r\n', '1', '2015-10-25 00:00:00');
INSERT INTO `forum` VALUES ('2', 'www', '高数指南', '   高等数学与高中数学相比有很大的不同，内容上主要是引进了一些全新的数学思想，特别是无限分割逐步逼近，极限等；从形式上讲，学习方式也很不一样，特别是一般都是大班授课，进度快，老师很难个别辅导，故对自学能力的要求很高。具体的学习方法因人而异，但有些基本的规律大家都得遵守。我具体说一下列在下面： \r\n1。书：课本＋习题集（必备），因为学好数学绝对离不开多做题（跟高中有点像，呵呵）；建议习题集最好有本跟考研有关的，这样也有利于你将来可能的考研准备。 \r\n2。笔记：尽量有，我说的笔记不是指原封不动的抄板书，那样没意思，而且不必非单独用个小本， \r\n可记在书上。关键是在笔记上一定要有自己对每一章知识的总结，类似于一个提纲，（有时老师或参考书上有，可以参考），最好还有各种题型＋方法＋易错点。 \r\n3。上课：建议最好预习后听听。（其实我是从来不听课的，除非习题课），听不懂不要紧，很多大学的课程都是靠课下结合老师的笔记自己重新看。但remember，高数千万别搞考前突击，绝对行不通，所以平时你就要跟上，步步尽量别断层。 \r\n4。学好高数＝基本概念透＋基本定理牢＋基本网络有＋基本常识记＋基本题型熟。数学就是一个概念＋定理体系(还有推理)，对概念的理解至关重要，比如说极限、导数等，小弟你既要有形象的对它们的 \r\n理解，也要熟记它们的数学描述，不用硬背，可以自己对着书举例子，画个图看看（形象理解其实很重要），然后多做题，做题中体会。建议你用一只彩笔专门把所有的概念标出来，这样看书时一目了然（定理用方框框起来）。 \r\n基本网络就是上面说的笔记上的总结的知识提纲，也要重视。 \r\n基本常识就是高中时老师常说的“准定理”，就是书上没有，在习题中我们总结的可以当定理或推论用的东西，还有一些自己小小的经验。这些东西不正式但很有用的。 \r\n题型都明白了，比如各种极限的求法。 \r\n好了，这些都做到了，高数应该学得不会差了，至少应付考试没问题。如果你想提高些，可以做些考研的数学题，体会一下，其实也不过如此 \r\n还可以看些关于高数应用的书，其实数学本来就是从应用中来的，你会知道真的很有用（不知你学的什么专业） \r\n最后再说说怎么提高理解能力的问题（一家之言） \r\n1。举例具体化。如理解导数时，自己也举个例子，如f（x）＝820302X2+811211（x的平方）。 \r\n2。比喻形象化。就是打比方,比如把一个二元函数的图形想成邻家女孩的头上的草帽。 \r\n3。类比初级化。比如把二元函数跟一元函数类比，泰勒公式想成二次函数，好理解。 \r\n4。多书参考法。去你们图书管借几本不是一个作者写的高数教材，虽然讲的内容都一样，但不同的作者往往对同一个问题从不同的角度表述，对你来说，从很多不同的角度、例子理解同一个问题，往往就容易多了。Just have a try！ \r\n5。不懂暂跳法。对一些定理的证明、推导过程等，如果一时不明白没关系，暂时放过，记下这个疑点待以后解决就可以了。 \r\n \r\n说了这么多也不知哪些对你有用，对了，还有要不耻上问，问同学老师都行，弄会才是目的。如有什么问题，给我留言。 \r\n \r\n    另外对于你即将要学习的线性代数，则必须树立一个良好的学习态度，在这里的内容相对高数而言比较抽象，有必要多花些时间，而且在这阶段的学习里正是锻炼你的抽象思维和逻辑思维的好时机，对你以后的专业学习是大为有帮助，希望能够好好的把握。 \r\n    而对于概率与统计，就更注重实际，偏于计算，对于一些数论里的知识和一些数学理论要有个很熟练的把握，而且它也是更贴近你专业的一门数学。 \r\n 总之，要学好大学数学，最重要的是打好前基础。 ', '1', '2015-10-25 00:00:00');
INSERT INTO `forum` VALUES ('3', 'abc', '你陪我长大，我陪你变老', '也许，你的确不是什么好人。你记仇，完全不是什么宽宏大量。什么没谱的事也敢做，完全没顾忌。脾气坏，什么事都沉不住，总是很容易得罪人。\r\n\r\n　　 周围的人总说我像你。其实，我是不大愿意像你的。因为，我实在没看出来，这是什么赞扬。\r\n\r\n　　 可是，这样的你，在20年前的某一天，在你亲吻我额头的那一刻起，就在我心里扎根。我从来不会刻意去想念你，也从来就不会忘记。\r\n\r\n　　 那年你26岁，你还是迷茫困惑，你一无所有，你遇见了你生命中最重要的女人。在你的穷追不舍之下，终于有了一张结婚照。那时的你，年轻帅气，搂着同样美丽动人的母亲，满满的幸福。\r\n\r\n　　 我两岁那年，你28岁。父亲这个职业让你改变了很多。你开始努力挣钱养家。绞尽脑汁创业过，风餐露宿过，被人轻视过，却始终没有事业有成。而我理所当然地成为了留守儿童。我并不能理解一个一年回家一次的男人。每次回家，你的拥抱并不会让我留恋，我的眼睛里只有你带回来的玩具与零食。\r\n\r\n　　那年我11岁，你38岁，你第一次也是唯一一次打我。带回来满是红叉的试卷，我毫不在意，津津有味地看着动画片。你动怒了，把试卷撕得粉碎，给我狠狠扇了一耳光。我捂着脸，冲进房间，哭了一下午。你在房间外面使劲敲门，软磨硬泡，我还是无动于衷。我不懂你的用心良苦。你笑着说，保证再也不会了，真是拿你没辙。后来，真的再也没有打过我。\r\n\r\n　　 初中那年，我15岁，你42岁。你每周末接送我，风雨无阻。我与好友约定去同一所高中，你坚定拒绝，执意让我去考取另一所中学。环境影响前程，你不愿意冒险。虽然一万个不愿意，我却没有辜负你，后来，我如你所愿进入那所高中。你笑着跟老师寒暄，我与好友分道扬镳，我心里是有怨意的，我始终不懂你。\r\n\r\n　　 2013年，我18岁，你45岁。这时的你，能读懂化学方程式，却不能帮忙解出一个题目。能读出几个单词，却没办法说出它的意思。你亲自下厨为我做好吃的，你不厌其烦地为我灌输心灵鸡汤，而我成绩飘忽不定，我看得出你的着急。高考最后一天，当我踏出考场那一刻，你突然出现在我眼前，给了我一个拥抱，什么也没问。我看不清你的表情，我只是想再抱紧点你。填志愿时，你说学医和师范挺好，我说读林业和中文才好。结果是，我们谁也没说服谁。\r\n\r\n　　 今年我20岁，你47岁。我离家远远的，我已经慢慢习惯学校的生活，并没有经常想你。你还是关心长春的天气，隔三差五给我打电话。说说最近血糖降了，电话号码换了，驾照考完了。我会跟你说最近考专四，有比赛，有运动会。我不会告诉你我在学校经常睡懒觉，有时受委屈会哭，我只会说过得很好，因为你就会安心。而其实，有其父必有其女，向来报喜不报忧，都是跟你学的。\r\n\r\n　　现在的我，还是学不会在你面前撒娇，也没有说过一句我爱你。每次回家，火车站出口处我知道，有一个人永远在等着我。我央求你做水煮鱼，然后把你大夸一顿，你会跟我看非诚勿扰，我会乖乖在家待几天，然后就东奔西跑不着家。你还是脾气不好，有时跟母亲吵架，吵得面红耳赤。我还是会跟你生气，然后每次都是我主动道歉。\r\n\r\n　　现在的你，开始主动听取我的意见，不再独裁霸道。我离开家去远方去学，你还是不放心，在你心里我永远就是个小孩。\r\n\r\n　　 我以前说，如果有一天，可以遇见一人，我会天涯海角随他去。你说你很伤心，那时我埋怨你不懂浪漫。后来，当我在结婚现场看着一位父亲把自己的女儿交付给另一个男人的时候，只是说了一句，我疼了这么多年，你别让她受委屈。新娘开始泪流满面，那一刻，我明白，这个世界，父母的情永远还不清。不管遇见谁，都不会有人比父母更无条件地包容你，疼爱你。\r\n\r\n　　我写过关于你的好多文章，一直就写不好，再华丽的辞藻也不知道如何下笔。我是这样一个又懒又笨，什么事都做不好的人，却被你宠爱了这么多年。我没有多大的梦想，一直就让你失望，喜欢跟你对着干，没有给你带来多大的骄傲。\r\n\r\n　　 上辈子的情深缘浅，这辈子的血肉相连。你的上半辈子我无法参与，你的下半辈子我奉陪到底。我会慢慢长大，也许，5年后，10年后，我会结婚生子，你会慢慢变老，但我会一定会努力做个幸福的人，让你放心，也一定让你幸福。\r\n\r\n　　 爸，你陪我长大，我陪你到老。', '4', '2015-10-25 00:00:00');
INSERT INTO `forum` VALUES ('5', 'wxy', '三国演义', '第一回　宴桃园豪杰三结义　斩黄巾英雄首立功\r\n\r\n　　--------------------------------------------------------------------------------\r\n\r\n　　　　　　滚滚长江东逝水，浪花淘尽英雄。是非成败转头空。\r\n\r\n　　　　　　青山依旧在，几度夕阳红。　　白发渔樵江渚上，惯\r\n\r\n　　　　　　看秋月春风。一壶浊酒喜相逢。古今多少事，都付\r\n\r\n　　　　　　笑谈中。\r\n\r\n　　　　　　　　　　　　　　　　　　　　　　　　——调寄《临江仙》\r\n\r\n　　　　话说天下大势，分久必合，合久必分。周末七国分争，并入于秦。及秦灭之后，楚、汉分争，又并入于汉。汉朝自高祖斩白蛇而起义，一统天下，后来光武中兴，传至献帝，遂分为三国。推其致乱之由，殆始于桓、灵二帝。桓帝禁锢善类，崇信宦官。及桓帝崩，灵帝即位，大将军窦武、太傅陈蕃共相辅佐。时有宦官曹节等弄权，窦武、陈蕃谋诛之，机事不密，反为所害，中涓自此愈横。\r\n\r\n　　　　建宁二年四月望日，帝御温德殿。方升座，殿角狂风骤起。只见一条大青蛇，从梁上飞将下来，蟠于椅上。帝惊倒，左右急救入宫，百官俱奔避。须臾，蛇不见了。忽然大雷大雨，加以冰雹，落到半夜方止，坏却房屋无数。建宁四年二月，洛阳地震；又海水泛溢，沿海居民，尽被大浪卷入海中。光和元年，雌鸡化雄。六月朔，黑气十余丈，飞入温德殿中。秋七月，有虹现于玉堂；五原山岸，尽皆崩裂。种种不祥，非止一端。帝下诏问群臣以灾异之由，议郎蔡邕上疏，以为蜺堕鸡化，乃妇寺干政之所致，言颇切直。帝览奏叹息，因起更衣。曹节在后窃视，悉宣告左右；遂以他事陷邕于罪，放归田里。后张让、赵忠、封谞、段珪、曹节、侯览、蹇硕、程旷、夏恽、郭胜十人朋比为奸，号为“十常侍”。帝尊信张让，呼为“阿父”。朝政日非，以致天下人心思乱，盗贼蜂起。\r\n\r\n　　　　时巨鹿郡有兄弟三人，一名张角，一名张宝，一名张梁。那张角本是个不第秀才，因入山采药，遇一老人，碧眼童颜，手执藜杖，唤角至一洞中，以天书三卷授之，曰：“此名《太平要术》，汝得之，当代天宣化，普救世人；若萌异心，必获恶报。”角拜问姓名。老人曰：“吾乃南华老仙也。”言讫，化阵清风而去。角得此书，晓夜攻习，能呼风唤雨，号为“太平道人”。中平元年正月内，疫气流行，张角散施符水，为人治病，自称“大贤良师”。角有徒弟五百余人，云游四方，皆能书符念咒。次后徒众日多，角乃立三十六方，大方万余人，小方六七千，各立渠帅，称为将军；讹言：“苍天已死，黄天当立；岁在甲子，天下大吉。”令人各以白土书“甲子”二字于家中大门上。青、幽、徐、冀、荆、扬、兖、豫八州之人，家家侍奉大贤良师张角名字。角遣其党马元义，暗赍金帛，结交中涓封谞，以为内应。角与二弟商议曰：“至难得者，民心也。今民心已顺，若不乘势取天下，诚为可惜。”遂一面私造黄旗，约期举事；一面使弟子唐周，驰书报封谞。唐周乃径赴省中告变。帝召大将军何进调兵擒马元义，斩之；次收封谞等一干人下狱。张角闻知事露，星夜举兵，自称“天公将军”，张宝称“地公将军”，张梁称“人公将军”。申言于众曰：“今汉运将终，大圣人出。汝等皆宜顺天从正，以乐太平。”四方百姓，裹黄巾从张角反者四五十万。贼势浩大，官军望风而靡。何进奏帝火速降诏，令各处备御，讨贼立功。一面遣中郎将卢植、皇甫嵩、朱儁，各引精兵、分三路讨之。\r\n\r\n　　　　且说张角一军，前犯幽州界分。幽州太守刘焉，乃江夏竟陵人氏，汉鲁恭王之后也。当时闻得贼兵将至，召校尉邹靖计议。靖曰：“贼兵众，我兵寡，明公宜作速招军应敌。”刘焉然其说，随即出榜招募义兵。\r\n\r\n　　　　榜文行到涿县，引出涿县中一个英雄。那人不甚好读书；性宽和，寡言语，喜怒不形于色；素有大志，专好结交天下豪杰；生得身长七尺五寸，两耳垂肩，双手过膝，目能自顾其耳，面如冠玉，唇若涂脂；中山靖王刘胜之后，汉景帝阁下玄孙，姓刘名备，字玄德。昔刘胜之子刘贞，汉武时封涿鹿亭侯，后坐酎金失侯，因此遗这一枝在涿县。玄德祖刘雄，父刘弘。弘曾举孝廉，亦尝作吏，早丧。玄德幼孤，事母至孝；家贫，贩屦织席为业。家住本县楼桑村。其家之东南，有一大桑树，高五丈余，遥望之，童童如车盖。相者云：“此家必出贵人。”玄德幼时，与乡中小儿戏于树下，曰：“我为天子，当乘此车盖。”叔父刘元起奇其言，曰：“此儿非常人也！”因见玄德家贫，常资给之。年十五岁，母使游学，尝师事郑玄、卢植，与公孙瓒等为友。\r\n\r\n　　　　及刘焉发榜招军时，玄德年已二十八岁矣。当日见了榜文，慨然长叹。随后一人厉声言曰：“大丈夫不与国家出力，何故长叹？”玄德回视其人，身长八尺，豹头环眼，燕颔虎须，声若巨雷，势如奔马。玄德见他形貌异常，问其姓名。其人曰：“某姓张名飞，字翼德。世居涿郡，颇有庄田，卖酒屠猪，专好结交天下豪杰。恰才见公看榜而叹，故此相问。”玄德曰：“我本汉室宗亲，姓刘，名备。今闻黄巾倡乱，有志欲破贼安民，恨力不能，故长叹耳。”飞曰：“吾颇有资财，当招募乡勇，与公同举大事，如何。”玄德甚喜，遂与同入村店中饮酒。\r\n\r\n　　　　正饮间，见一大汉，推着一辆车子，到店门首歇了，入店坐下，便唤酒保：“快斟酒来吃，我待赶入城去投军。”玄德看其人：身长九尺，髯长二尺；面如重枣，唇若涂脂；丹凤眼，卧蚕眉，相貌堂堂，威风凛凛。玄德就邀他同坐，叩其姓名。其人曰：“吾姓关名羽，字长生，后改云长，河东解良人也。因本处势豪倚势凌人，被吾杀了，逃难江湖，五六年矣。今闻此处招军破贼，特来应募。”玄德遂以己志告之，云长大喜。同到张飞庄上，共议大事。飞曰：“吾庄后有一桃园，花开正盛；明日当于园中祭告天地，我三人结为兄弟，协力同心，然后可图大事。”玄德、云长齐声应曰：“如此甚好。”\r\n\r\n　　　　次日，于桃园中，备下乌牛白马祭礼等项，三人焚香再拜而说誓曰：“念刘备、关羽、张飞，虽然异姓，既结为兄弟，则同心协力，救困扶危；上报国家，下安黎庶。不求同年同月同日生，只愿同年同月同日死。皇天后土，实鉴此心，背义忘恩，天人共戮！”誓毕，拜玄德为兄，关羽次之，张飞为弟。祭罢天地，复宰牛设酒，聚乡中勇士，得三百余人，就桃园中痛饮一醉。来日收拾军器，但恨无马匹可乘。正思虑间，人报有两个客人，引一伙伴当，赶一群马，投庄上来。玄德曰：“此天佑我也！”三人出庄迎接。原来二客乃中山大商：一名张世平，一名苏双，每年往北贩马，近因寇发而回。玄德请二人到庄，置酒管待，诉说欲讨贼安民之意。二客大喜，愿将良马五十匹相送；又赠金银五百两，镔铁一千斤，以资器用。\r\n\r\n　　　　玄德谢别二客，便命良匠打造双股剑。云长造青龙偃月刀，又名“冷艳锯”，重八十二斤。张飞造丈八点钢矛。各置全身铠甲。共聚乡勇五百余人，来见邹靖。邹靖引见太守刘焉。三人参见毕，各通姓名。玄德说起宗派，刘焉大喜，遂认玄德为侄。不数日，人报黄巾贼将程远志统兵五万来犯涿郡。刘焉令邹靖引玄德等三人，统兵五百，前去破敌。玄德等欣然领军前进，直至大兴山下，与贼相见。贼众皆披发，以黄巾抹额。当下两军相对，玄德出马，左有云长，右有翼德，扬鞭大骂：“反国逆贼，何不早降！”程远志大怒，遣副将邓茂出战。张飞挺丈八蛇矛直出，手起处，刺中邓茂心窝，翻身落马。程远志见折了邓茂，拍马舞刀，直取张飞。云长舞动大刀，纵马飞迎。程远志见了，早吃一惊，措手不及，被云长刀起处，挥为两段。后人有诗赞二人曰：英雄露颖在今朝，一试矛兮一试刀。初出便将威力展，三分好把姓名标。\r\n\r\n　　　　众贼见程远志被斩，皆倒戈而走。玄德挥军追赶，投降者不计其数，大胜而回。刘焉亲自迎接，赏劳军士。次日，接得青州太守龚景牒文，言黄巾贼围城将陷，乞赐救援。刘焉与玄德商议。玄德曰：“备愿往救之。”刘焉令邹靖将兵五千，同玄德、关、张，投青州来。贼众见救军至，分兵混战。玄德兵寡不胜，退三十里下寨。\r\n\r\n　　　　玄德谓关、张曰：“贼众我寡；必出奇兵，方可取胜。”乃分关公引一千军伏山左，张飞引一千军伏山右，鸣金为号，齐出接应。次日，玄德与邹靖引军鼓噪而进。贼众迎战，玄德引军便退。贼众乘势追赶，方过山岭，玄德军中一齐鸣金，左右两军齐出，玄德摩军回身复杀。三路夹攻，贼众大溃。直赶至青州城下，太守龚景亦率民兵出城助战。贼势大败，剿戮极多，遂解青州之围。后人有诗赞玄德曰：运筹决算有神功，二虎还须逊一龙。初出便能垂伟绩，自应分鼎在孤穷。\r\n\r\n　　　　龚景犒军毕，邹靖欲回。玄德曰：“近闻中郎将卢植与贼首张角战于广宗，备昔曾师事卢植，欲往助之。”于是邹靖引军自回，玄德与关、张引本部五百人投广宗来。至卢植军中，入帐施礼，具道来意。卢植大喜，留在帐前听调。\r\n\r\n　　　　时张角贼众十五万，植兵五万，相拒于广宗，未见胜负。植谓玄德曰：“我今围贼在此，贼弟张梁、张宝在颍川，与皇甫嵩、朱儁对垒。汝可引本部人马，我更助汝一千官军，前去颍川打探消息，约期剿捕。”玄德领命，引军星夜投颍川来。\r\n\r\n　　　　时皇甫嵩、朱儁领军拒贼，贼战不利，退入长社，依草结营。嵩与儁计曰：“贼依草结营，当用火攻之。”遂令军士，每人束草一把，暗地埋伏。其夜大风忽起。二更以后，一齐纵火，嵩与儁各引兵攻击贼寨，火焰张天，贼众惊慌，马不及鞍，人不及甲，四散奔走。\r\n\r\n　　　　杀到天明，张梁、张宝引败残军士，夺路而走。忽见一彪军马，尽打红旗，当头来到，截住去路。为首闪出一将，身长七尺，细眼长髯，官拜骑都尉，沛国谯郡人也，姓曹名操字孟德。操父曹嵩，本姓夏侯氏，因为中常侍曹腾之养子，故冒姓曹。曹嵩生操，小字阿瞒，一名吉利。操幼时，好游猎，喜歌舞，有权谋，多机变。操有叔父，见操游荡无度，尝怒之，言于曹嵩。嵩责操。操忽心生一计，见叔父来，诈倒于地，作中风之状。叔父惊告嵩，嵩急视之。操故无恙。嵩曰：“叔言汝中风，今已愈乎？”操曰：“儿自来无此病；因失爱于叔父，故见罔耳。”嵩信其言。后叔父但言操过，嵩并不听。因此，操得恣意放荡。时人有桥玄者，谓操曰：“天下将乱，非命世之才不能济。能安之者，其在君乎？”南阳何顒见操，言：“汉室将亡，安天下者，必此人也。”汝南许劭，有知人之名。操往见之，问曰：“我何如人？”劭不答。又问，劭曰：“子治世之能臣，乱世之奸雄也。”操闻言大喜。年二十，举孝廉，为郎，除洛阳北部尉。初到任，即设五色棒十余条于县之四门，有犯禁者，不避豪贵，皆责之。中常侍蹇硕之叔，提刀夜行，操巡夜拿住，就棒责之。由是，内外莫敢犯者，威名颇震。后为顿丘令，因黄巾起，拜为骑都尉，引马步军五千，前来颍川助战。正值张梁、张宝败走，曹操拦住，大杀一阵，斩首万余级，夺得旗幡、金鼓、马匹极多。张梁、张宝死战得脱。操见过皇甫嵩、朱儁，随即引兵追袭张梁、张宝去了。\r\n\r\n　　　　却说玄德引关、张来颍川，听得喊杀之声，又望见火光烛天，急引兵来时，贼已败散。玄德见皇甫嵩、朱儁，具道卢植之意。嵩曰：“张梁、张宝势穷力乏，必投广宗去依张角。玄德可即星夜往助。”玄德领命，遂引兵复回。到得半路，只见一簇军马，护送一辆槛车，车中之囚，乃卢植也。玄德大惊，滚鞍下马，问其缘故。植曰：“我围张角，将次可破；因角用妖术，未能即胜。朝廷差黄门左丰前来体探，问我索取贿赂。我答曰：‘军粮尚缺，安有余钱奉承天使？’左丰挟恨，回奏朝廷，说我高垒不战，惰慢军心；因此朝廷震怒，遣中郎将董卓来代将我兵，取我回京问罪。”张飞听罢，大怒，要斩护送军人，以救卢植。玄德急止之曰：“朝廷自有公论，汝岂可造次？”军士簇拥卢植去了。关公曰：“卢中郎已被逮，别人领兵，我等去无所依，不如且回涿郡。”玄德从其言，遂引军北行。行无二日，忽闻山后喊声大震。玄德引关、张纵马上高冈望之，见汉军大败，后面漫山塞野，黄巾盖地而来，旗上大书“天公将军”。玄德曰：“此张角也！可速战！”三人飞马引军而出。张角正杀败董卓，乘势赴来，忽遇三人冲杀，角军大乱，败走五十余里。\r\n\r\n　　　　三人救了董卓回寨。卓问三人现居何职。玄德曰：“白身。”卓甚轻之，不为礼。玄德出，张飞大怒曰：“我等亲赴血战，救了这厮，他却如此无礼。若不杀之，难消我气！”便要提刀入帐来杀董卓。正是：人情势利古犹今，谁识英雄是白身？安得快人如翼德，尽诛世上负心人！毕竟董卓性命如何，且听下文分解。 ', '2', '2015-10-25 00:00:00');
INSERT INTO `forum` VALUES ('6', 'wxy', '泡沫之夏', ' 发黄的旧照片从空中静静地飘落……\r\n\r\n    一张照片落在了洛熙的手上，他低头，照片里，小夏沫正对着欧辰露出慵懒天真的笑容。洛熙眼瞳抽紧，但是随即他又淡淡地笑，将照片轻轻拂落。过去，能代表什么？！\r\n\r\n    “为什么要骗我？”\r\n\r\n    HBS的休息室，空气里充满了令人窒息的紧绷味道。欧辰直直站立在尹夏沫身前，看着她唇上刚被吻过的嫣红的痕迹，眼底因为被欺骗和伤害而变得黯绿愤怒，他痛苦地瞪着她。\r\n\r\n    “既然以前我和你是在一起的，为什么要假装不认识我？”\r\n\r\n    尹夏沫脸色变得苍白。\r\n\r\n    等了许久，没有等到她的回答。欧辰终于无法克制，重重握住尹夏沫的肩膀，忍无可忍地逼她抬头看自己：\r\n\r\n    “看着我！为什么不说话？！把我当傻瓜一样地欺骗，对你而言很有趣是不是？！”\r\n\r\n    “我……”\r\n\r\n    她心中痛极，失神地望着他，琥珀色的眼瞳仿佛是透明的，又仿佛是恍惚无法捉摸的，渐渐闪过无数纷杂纠缠的情绪，无措、怜惜、回忆、心痛、不忍……\r\n\r\n    “我和你……”\r\n\r\n    欧辰的声音干哑，他静了静，努力让握住她肩膀的手指放得柔和些，也努力压抑着胸口的怒火，“既然以前我和你是在一起的，为什么不告诉我，为什么当我问你的时候却要欺骗我？”\r\n\r\n    尹夏沫心底黯痛。\r\n\r\n    她说不出话来，也不知该如何去说。原以为既然失忆了，只要没有人去提醒，他就再也无法想起，那些过往的感情和痛苦就会如烟云般消散了。可是，他竟然会如此固执，倔强地翻找出以前的痕迹。\r\n\r\n    望着欧辰冰冷愤怒的俊容。\r\n\r\n    她恍惚失神。\r\n\r\n    真的能够把他完全忘记吗，过往的岁月里自己对他真的没有感情吗？她唇角一抹苦涩，然而眼神又黯淡下来。可是她并不想再重复五年前的生活，就像藤蔓紧紧缠在大树上，大树一旦消失，藤蔓顿时无依无靠只能等待死亡。\r\n\r\n    “因为……”\r\n\r\n    握紧手指，尹夏沫避开欧辰逼视的目光，忽略掉心底隐约的疼痛，她低声说：\r\n\r\n    “……因为没有必要告诉你。”\r\n\r\n    欧辰身体一震。\r\n\r\n    他的背脊变得僵硬起来，目光冰寒：“什么叫做‘没有必要’？！而且，就算你觉得没有必要，又有什么权利可以欺骗我？！”\r\n\r\n    胸口阵阵冰冷。\r\n\r\n    忽然觉得自己就像滑稽戏里的小丑，用所有的气力和心血来追忆的过去，原来在她的眼里只是一段“没有必要”的过去。\r\n\r\n    望着欧辰沉黯痛苦的神情，洛熙微笑。\r\n\r\n    时光果然是可爱的东西，当初因为“欧辰少爷”不喜欢他出现在夏沫身边，他就必须马上离开已经熟悉和投入了感情的尹家。虽然最终将他送去英国读书，可是那种如垃圾般被丢弃的羞辱感他从来没有忘记过。\r\n\r\n    而如今——\r\n\r\n    痛苦屈辱的人终于换成“欧辰少爷”了吗？\r\n\r\n    “我们已经分手了。”\r\n\r\n    尹夏沫的声音飘荡在空气里，目光却静静地落在欧辰右手手腕的绿色蕾丝上。华丽繁复的花纹，颜色已有些发旧，层层叠叠缠系在他的手腕，轻盈地无风自舞。\r\n\r\n    欧辰的心口——\r\n\r\n    如被重锤狠狠击下——！\r\n\r\n    “什么？！”\r\n\r\n    她静静地看着他手腕上的绿蕾丝，低声说：“五年前就已经分手了，自然没有必要再让你想起。”\r\n\r\n    喉咙处一阵腥气翻涌。\r\n\r\n    他身子微颤，暗哑地，半晌才逼问道：\r\n\r\n    “为什么分手？”\r\n\r\n    尹夏沫沉默片刻，说：“分手还能有什么原因呢？不喜欢了，不想在一起了，于是就分手了。”\r\n\r\n    五年前的樱花树下，她将绿蕾丝扔向夜空。\r\n\r\n    那一刻。\r\n\r\n    她已然选择了决裂与遗忘。\r\n\r\n    只是面对失去记忆的他，她却无法做到冰冷地将过往一切全盘讲出。这时她才明白，毕竟还是曾经喜欢过他的，那么，就让往事云淡风清地彻底结束吧。\r\n\r\n    胸口仿佛有血气翻涌着要呕出，欧辰的嘴唇变得煞白，而僵硬冰冷的面容在努力维持着他最后的自尊，背脊笔直如冰雕一般。\r\n\r\n    他无法相信她的解释。\r\n\r\n    如果只是平淡得无须提起的分手，为什么，在那些夜夜纠缠的噩梦中，伤痛会那样彻骨。如果失去记忆之后再次看到她，对她的感情依然如此强烈，那么五年前的他，怎么可能那样平静地跟她分手。\r\n\r\n    “我不相信。”\r\n\r\n    欧辰的声音冰寒入骨，然后，他用力抓起尹夏沫的左手，转身向休息室的门口走去。无法容忍在他和她的空间里还有第三个人的存在，他要单独和她在一起，他要知道五年前究竟发生了什么！\r\n\r\n    “跟我走！”\r\n\r\n    被他拉着向门口走去，尹夏沫惊愕地挣扎，然而他愤怒的手指就如冰冷的铁箍一般，她根本无法挣脱，眼看着就要被他拉出休息室。\r\n\r\n    “欧辰！……”\r\n\r\n    她失措地低喊。\r\n\r\n    突然——\r\n\r\n    一只纤长的手握住尹夏沫的左臂，那突如其来的力量使得欧辰的脚步被迫停了下来，他皱眉看去，果然，是洛熙也抓住了她，正似笑非笑地露出嘲弄的神情。\r\n\r\n    “放开她！”\r\n\r\n    看着洛熙的手放在她洁白的手臂上，欧辰心中隐隐有着想要杀人般的怒意。\r\n\r\n    “哈，似乎说这句话的应该是我才对吧。”洛熙斜睨他，樱花般的唇瓣露出不屑的笑意，“你凭什么对沫沫动手动脚？就算沫沫五年前曾经和你在一起过，可是，现在她是我的。”\r\n\r\n    “她是我的。”\r\n\r\n    欧辰冰冷地沉声说。\r\n\r\n    洛熙迎上他的目光，却是漫不经心。\r\n\r\n    “她是你的？”\r\n\r\n    洛熙懒洋洋地微笑，轻轻俯下头，他亲昵地向尹夏沫的双唇吻去，慢慢地，仿佛宣告所有权般，他亲吻向她的双唇。\r\n\r\n    当洛熙越来越近——\r\n\r\n    当她的双唇可以感觉到洛熙的温度时——\r\n\r\n    尹夏沫突然闭上眼睛——\r\n\r\n    闪开了那即将落下的吻……\r\n\r\n    欧辰伤痛的情绪如此明显，她黯然，上次在医院，她试图借由洛熙的出现使得欧辰远离她，可是，欧辰那受到伤害的神情竟然让她为之心痛。\r\n\r\n    她只是不想再和欧辰有交集。\r\n\r\n    而并非要他痛苦。\r\n\r\n    “你……”\r\n\r\n    洛熙的动作僵住，他怔怔地看着面色苍白的夏沫，握着她的手不由自主地松开，眼中飞快地掠过一抹受到伤害的痛楚。\r\n\r\n    这时，欧辰已经用力将夏沫拉到自己身后。他再也无法忍受洛熙三番四次对她的轻薄，愤怒之下，挥拳打向洛熙的面部！\r\n\r\n    一阵凌厉破空的风声迎面而来！\r\n\r\n    洛熙险险躲开。\r\n\r\n    他定睛看去，只见夏沫被护在欧辰身后，那两个人仿佛是一国的，而他仿佛是被隔离出去的。洛熙心口酸痛，顷刻间忘记了理智，也挥拳向欧辰打去！\r\n\r\n    “够了！”\r\n\r\n    尹夏沫薄怒，她拼命挣脱欧辰的束缚，冲到两人中间。洛熙大惊失色，却无法完全收住拳势，只能努力将方向偏移，指骨擦着她的面颊打过去，一道雪白的痕迹在她肌肤上划开。\r\n\r\n    “你们在做什么？象小孩子一样幼稚地打架吗？！”\r\n\r\n    她清斥道，眼睛里也充满怒意，脸颊上被洛熙指骨擦伤的痕迹渐渐转红，鲜红得刺目。\r\n\r\n    “你和他究竟是什么关系？！”\r\n\r\n    一时间不知道她究竟维护的是他还是他，欧辰黯痛地看着她脸上的红痕，声音僵冷地问。\r\n\r\n    “你……还是在意他？”\r\n\r\n    洛熙眼底迸出寒光，又酸又痛的情绪让他的语气也冰冷起来。\r\n\r\n    空气中流淌着痛楚的气息。\r\n\r\n    尹夏沫没有再看任何一个人。\r\n\r\n    她沉默着蹲下，将方才被欧辰洒落地上的旧照片一张张捡起来。指尖拿起那些旧照片，看着画面里旧时的场景，心里隐隐悸痛，她以为强迫自己冷漠淡然就可以将以往的岁月全部忘却，可是看到这些照片时，她才明白那只不过是欺骗自己的催眠而已。\r\n\r\n    “忘了吧。”\r\n\r\n    尹夏沫轻轻吸气，背对着欧辰说。她将旧照片们反拿在手中，只露出昏黄的背胶，所有的画面都看不见了。\r\n\r\n    “五年前的我并不值得你留恋，那段回忆也并不值得你如此追寻，想起那些只会让你痛苦，所以——请你忘了吧……”\r\n\r\n    她将旧照片丢入身边的纸篓。', '3', '2015-10-25 00:00:00');
INSERT INTO `forum` VALUES ('7', 'lll', '廉颇蔺相如列传', '廉颇者，赵之良将也。赵惠文王十六年，廉颇为赵将伐齐，大破之，取阳晋，拜为上卿，以勇气闻于诸侯。蔺相如者，赵人也，为赵宦者令缪贤舍人。\r\n\r\n　　赵惠文王时，得楚和氏璧。秦昭王闻之，使人遗赵王书，愿以十五城请易璧。赵王与大将军廉颇诸大臣谋：欲予秦，秦城恐不可得，徒见欺；欲勿予，即患秦兵之来。计未定，求人可使报秦者，未得。宦者令缪贤曰：“臣舍人蔺相如可使。”王问：“何以知之？”对曰：“臣尝有罪，窃计欲亡走燕，臣舍人相如止臣，曰：‘君何以知燕王？’臣语曰：‘臣尝从大王与燕王会境上，燕王私握臣手，曰“愿结友”。以此知之，故欲往。’相如谓臣曰：‘夫赵强而燕弱，而君幸于赵王，故燕王欲结于君。今君乃亡赵走燕，燕畏赵，其势必不敢留君，而束君归赵矣。君不如肉袒伏斧质请罪，则幸得脱矣。’臣从其计，大王亦幸赦臣。臣窃以为其人勇士，有智谋，宜可使。”于是王召见，问蔺相如曰：“秦王以十五城请易寡人之璧，可予不？”相如曰：“秦强而赵弱，不可不许。”王曰：“取吾璧，不予我城，奈何？”相如曰：“秦以城求璧而赵不许，曲在赵。赵予璧而秦不予赵城，曲在秦。均之二策，宁许以负秦曲。”王曰：“谁可使者？”相如曰：“王必无人，臣愿奉璧往使。城入赵而璧留秦；城不入，臣请完璧归赵。”赵王于是遂遣相如奉璧西入秦。\r\n\r\n　　秦王坐章台见相如，相如奉璧奏秦王。秦王大喜，传以示美人及左右，左右皆呼万岁。相如视秦王无意偿赵城，乃前曰：“璧有瑕，请指示王。”王授璧，相如因持璧却立，倚柱，怒发上冲冠，谓秦王曰：“大王欲得璧，使人发书至赵王，赵王悉召群臣议，皆曰‘秦贪，负其强，以空言求璧，偿城恐不可得’。议不欲予秦璧。臣以为布衣之交尚不相欺，况大国乎！且以一璧之故逆强秦之欢，不可。于是赵王乃斋戒五日，使臣奉璧，拜送书于庭。何者？严大国之威以修敬也。今臣至，大王见臣列观，礼节甚倨；得璧，传之美人，以戏弄臣。臣观大王无意偿赵王城邑，故臣复取璧。大王必欲急臣，臣头今与璧俱碎于柱矣！”相如持其璧睨柱，欲以击柱。秦王恐其破璧，乃辞谢固请，召有司案图，指从此以往十五都予赵。相如度秦王特以诈详为予赵城，实不可得，乃谓秦王曰：“和氏璧，天下所共传宝也，赵王恐，不敢不献。赵王送璧时，斋戒五日，今大王亦宜斋戒五日，设九宾于廷，臣乃敢上璧。”秦王度之，终不可强夺，遂许斋五日，舍相如广成传。相如度秦王虽斋，决负约不偿城，乃使其从者衣褐，怀其璧，从径道亡，归璧于赵。\r\n\r\n　　秦王斋五日后，乃设九宾礼于廷，引赵使者蔺相如。相如至，谓秦王曰：“秦自缪公以来二十馀君，未尝有坚明约束者也。臣诚恐见欺于王而负赵，故令人持璧归，间至赵矣。且秦强而赵弱，大王遣一介之使至赵，赵立奉璧来。今以秦之强而先割十五都予赵，赵岂敢留璧而得罪于大王乎？臣知欺大王之罪当诛，臣请就汤镬，唯大王与群臣孰计议之。”秦王与群臣相视而嘻。左右或欲引相如去，秦王因曰：“今杀相如，终不能得璧也，而绝秦赵之欢，不如因而厚遇之，使归赵，赵王岂以一璧之故欺秦邪！”卒廷见相如，毕礼而归之。\r\n\r\n　　相如既归，赵王以为贤大夫使不辱于诸侯，拜相如为上大夫。秦亦不以城予赵，赵亦终不予秦璧。\r\n\r\n　　其后秦伐赵，拔石城。明年，复攻赵，杀二万人。\r\n\r\n　　秦王使使者告赵王，欲与王为好会于西河外渑池。赵王畏秦，欲毋行。廉颇、蔺相如计曰：“王不行，示赵弱且怯也。”赵王遂行，相如从。廉颇送至境，与王诀曰：“王行，度道里会遇之礼毕，还，不过三十日。三十日不还，则请立太子为王，以绝秦望。”王许之，遂与秦王会渑池。秦王饮酒酣，曰：“寡人窃闻赵王好音，请奏瑟。”赵王鼓瑟。秦御史前书曰“某年月日，秦王与赵王会饮，令赵王鼓瑟”。蔺相如前曰：“赵王窃闻秦王善为秦声，请奏盆缻秦王，以相娱乐。”秦王怒，不许。于是相如前进缻，因跪请秦王。秦王不肯击缻。相如曰：“五步之内，相如请得以颈血溅大王矣！”左右欲刃相如，相如张目叱之，左右皆靡。于是秦王不怿，为一击缻。相如顾召赵御史书曰“某年月日，秦王为赵王击缻”。秦之群臣曰：“请以赵十五城为秦王寿。”蔺相如亦曰：“请以秦之咸阳为赵王寿。”秦王竟酒，终不能加胜于赵。赵亦盛设兵以待秦，秦不敢动。\r\n\r\n　　既罢归国，以相如功大，拜为上卿，位在廉颇之右。廉颇曰：“我为赵将，有攻城野战之大功，而蔺相如徒以口舌为劳，而位居我上，且相如素贱人，吾羞，不忍为之下。”宣言曰：“我见相如，必辱之。”相如闻，不肯与会。相如每朝时，常称病，不欲与廉颇争列。已而相如出，望见廉颇，相如引车避匿。于是舍人相与谏曰：“臣所以去亲戚而事君者，徒慕君之高义也。今君与廉颇同列，廉君宣恶言而君畏匿之，恐惧殊甚，且庸人尚羞之，况于将相乎！臣等不肖，请辞去。”蔺相如固止之，曰：“公之视廉将军孰与秦王？”曰：“不若也。”相如曰：“夫以秦王之威，而相如廷叱之，辱其群臣，相如虽驽，独畏廉将军哉？顾吾念之，强秦之所以不敢加兵于赵者，徒以吾两人在也。今两虎共斗，其势不俱生。吾所以为此者，以先国家之急而后私仇也。”廉颇闻之，肉袒负荆，因宾客至蔺相如门谢罪。曰：“鄙贱之人，不知将军宽之至此也。”卒相与欢，为刎颈之交。', '7', '2015-10-25 00:00:00');
INSERT INTO `forum` VALUES ('8', 'wxy', '罗密欧与朱丽叶', '第一幕 \r\n第一场 维洛那。广场 \r\n 山普孙及葛莱古里各持盾剑上。 \r\n 山普孙 葛莱古里，咱们可真的不能让人家当做苦力一样欺侮。 \r\n 葛莱古里 对了，咱们不是可以随便给人欺侮的。 \r\n 山普孙 我说，咱们要是发起脾气来，就会拔剑动武。 \r\n 葛莱古里 对了，你可不要把脖子缩到领口里去。 \r\n 山普孙 我一动性子，我的剑是不认人的。 \r\n 葛莱古里 可是你不大容易动性子。 \r\n 山普孙 我见了蒙太古家的狗子就生气。 \r\n 葛莱古里 有胆量的，生了气就应当站住不动；逃跑的不是好汉。 \r\n 山普孙 我见了他们家里的狗子， 就会站住不动；蒙太古家里任何男女碰到了 \r\n我，就像是碰到墙壁一样。 \r\n 葛莱古里 这正说明你是个软弱无能的奴才； 只有最没出息的家伙，才去墙底 \r\n下躲难。 \r\n 山普孙 的确不错； 所以生来软弱的女人，就老是被人逼得不能动：我见了蒙 \r\n太古家里人来，是男人我就把他们从墙边推出去，是女人我就把她们望着墙壁摔过 \r\n去。 \r\n 葛莱古里 吵架是咱们两家主仆男人们的事，与她们女人有什么相干？ \r\n 山普孙 那我不管， 我要做一个杀人不眨眼的魔王；一面跟男人们打架，一面 \r\n对娘儿们也不留情面，我要她们的命。 \r\n 葛莱古里 要娘儿们的性命吗？ \r\n 山普孙 对了， 娘儿们的性命，或是她们视同性命的童贞，你爱怎么说就怎么 \r\n说。 \r\n 葛莱古里 那就要看对方怎样感觉了。 \r\n 山普孙 只要我下手，她们就会尝到我的辣手：就是有名的一身横肉呢。 \r\n 葛莱古里 幸而你还不是一身鱼肉； 否则你便是一条可怜虫了。拔出你的家伙 \r\n来；有两个蒙太古家的人来啦。 \r\n 亚伯拉罕及鲍尔萨泽上。 \r\n 山普孙 我的剑已经出鞘；你去跟他们吵起来，我就在你背后帮你的忙。 \r\n 葛莱古里 怎么？你想转过背逃走吗？ \r\n 山普孙 你放心吧，我不是那样的人。 \r\n 葛莱古里 哼，我倒有点不放心！ \r\n 山普孙 还是让他们先动手，打起官司来也是咱们的理直。 \r\n 葛莱古里 我走过去向他们横个白眼，瞧他们怎么样。 \r\n 山普孙 好， 瞧他们有没有胆量。我要向他们咬我的大拇指，瞧他们能不能忍 \r\n受这样的侮辱。 \r\n 亚伯拉罕 你向我们咬你的大拇指吗？ \r\n 山普孙 我是咬我的大拇指。 \r\n 亚伯拉罕 你是向我们咬你的大拇指吗？ \r\n 山普孙（向葛莱古里旁白）要是我说是，那么打起官司来是谁的理直？ \r\n 葛莱古里（向山普孙旁白）是他们的理直。 \r\n 山普孙 不，我不是向你们咬我的大拇指；可是我是咬我的大拇指。 \r\n 葛莱古里 你是要向我们挑衅吗？ \r\n 亚伯拉罕 挑衅！不，哪儿的话。 \r\n 山普孙 你要是想跟我们吵架， 那么我可以奉陪；你也是你家主子的奴才，我 \r\n也是我家主子的奴才，难道我家的主子就比不上你家的主子？ \r\n 亚伯拉罕 比不上。 \r\n 山普孙 好。 \r\n 葛莱古里（向山普孙旁白）说“比得上”；我家老爷的一位亲戚来了。 \r\n 山普孙 比得上。 \r\n 亚伯拉罕 你胡说。 \r\n 山普孙 是汉子就拔出剑来。葛莱古里，别忘了你的杀手剑。（双方互斗。） \r\n 班伏里奥上。 \r\n 班伏里奥 分开， 蠢才！收起你们的剑；你们不知道你们在干些什么事。（击 \r\n下众仆的剑。） \r\n 提伯尔特上。 \r\n 提伯尔特 怎么！ 你跟这些不中用的奴才吵架吗？过来，班伏里奥，让我结果 \r\n你的性命。 \r\n 班伏里奥 我不过维持和平；收起你的剑，或者帮我分开这些人。 \r\n 提伯尔特 什么！ 你拔出了剑，还说什么和平？我痛恨这两个字，就跟我痛恨 \r\n地狱、痛恨所有蒙太古家的人和你一样。照剑，懦夫！（二人相斗。） \r\n 两家各有若干人上，加入争斗；一群市民持枪棍继上。 \r\n 众市民 打！打！打！把他们打下来！打倒凯普莱特！打倒蒙太古！ \r\n 凯普莱特穿长袍及凯普莱特夫人同上。 \r\n 凯普莱特 什么事吵得这个样子？喂！把我的长剑拿来。 \r\n 凯普莱特夫人 拐杖呢？拐杖呢？你要剑干什么？ \r\n 凯普莱特 快拿剑来！ 蒙太古那老东西来啦；他还晃着他的剑，明明在跟我寻 \r\n事。 \r\n 蒙太古及蒙太古夫人上。 \r\n 蒙太古 凯普莱特，你这奸贼！——别拉住我；让我走。 \r\n 蒙太古夫人 你要去跟人家吵架，我连一步也不让你走。 \r\n 亲王率侍从上。 \r\n 亲王 目无法纪的臣民， 扰乱治安的罪人，你们的刀剑都被你们邻人的血玷污 \r\n了；——他们不听我的话吗？喂，听着！你们这些人，你们这些畜生，你们为了扑 \r\n灭你们怨毒的怒焰，不惜让殷红的流泉从你们的血管里喷涌出来；他们要是畏惧刑 \r\n法，赶快从你们血腥的手里丢下你们的凶器，静听你们震怒的君王的判决。凯普莱 \r\n特，蒙太古，你们已经三次为了一句口头上的空言，引起了市民的械斗，扰乱了我 \r\n们街道上的安宁，害得维洛那的年老公民，也不能不脱下他们尊严的装束，在他们 \r\n习于安乐的苍老衰弱的手里夺过古旧的长枪，分解你们溃烂的纷争。要是你们以后 \r\n再在市街上闹事，就要把你们的生命作为扰乱治安的代价。现在别人都给我退下去； \r\n凯普莱特，你跟我来；蒙太古，你今天下午到自由村的审判厅里来，听候我对于今 \r\n天这一案的宣判。大家散开去，倘有逗留不去的，格杀勿论！（除蒙太古夫妇及班 \r\n伏里奥外皆下。） \r\n 蒙太古 这一场宿怨是谁又重新煽风点火？ 侄儿，对我说，他们动手的时候， \r\n你也在场吗？ \r\n 班伏里奥 我还没有到这儿来， 您的仇家的仆人跟你们家里的仆人已经打成一 \r\n团了。我拔出剑来分开他们；就在这时候，那个性如烈火的提伯尔特提着剑来了， \r\n他对我出言不逊，把剑在他自己头上舞得嗖嗖直响，就像风在那儿讥笑他的装腔作 \r\n势一样。当我们正在剑来剑去的时候，人越来越多，有的帮这一面，有的帮那一面， \r\n乱哄哄地互相争斗，直等亲王来了，方才把两边的人喝开。 \r\n 蒙太古夫人 啊，罗密欧呢？你今天见过他吗？我很高兴他没有参加这场争斗。 \r\n 班伏里奥 伯母，在尊严的太阳开始从东方的黄金窗里探出头来的一小时以前， \r\n我因为心中烦闷，到郊外去散步，在城西一丛枫树的下面，我看见罗密欧兄弟一早 \r\n在那儿走来走去。我正要向他走过去，他已经看见了我，就躲到树林深处去了。我 \r\n因为自己也是心灰意懒，觉得连自己这一身也是多余的，只想找一处没有人迹的地 \r\n方，所以凭着自己的心境推测别人的心境，也就不去找他多事，彼此互相避开了。 \r\n 蒙太古 好多天的早上曾经有人在那边看见过他， 用眼泪洒为清晨的露水，用 \r\n长叹嘘成天空的云雾；可是一等到鼓舞众生的太阳在东方的天边开始揭起黎明女神 \r\n床上灰黑色的帐幕的时候，我那怀着一颗沉重的心的儿子，就逃避了光明，溜回到 \r\n家里；一个人关起了门躲在房间里，闭紧了窗子，把大好的阳光锁在外面，为他自 \r\n己造成了一个人工的黑夜。他这一种怪脾气恐怕不是好兆，除非良言劝告可以替他 \r\n解除心头的烦恼。 \r\n 班伏里奥 伯父，您知道他的烦恼的根源吗？ \r\n 蒙太古 我不知道，也没有法子从他自己嘴里探听出来。 \r\n 班伏里奥 您有没有设法探问过他？ \r\n 蒙太古 我自己以及许多其他的朋友都曾经探问过他， 可是他把心事一古脑儿 \r\n闷在自己肚里，总是守口如瓶，不让人家试探出来，正像一条初生的蓓蕾，还没有 \r\n迎风舒展它的嫩瓣，向太阳献吐它的娇艳，就给妒嫉的蛀虫咬啮了一样。只要能够 \r\n知道他的悲哀究竟是从什么地方来的，我们一定会尽心竭力替他找寻治疗的方案。 \r\n 班伏里奥 瞧， 他来了；请您站在一旁，等我去问问他究竟有些什么心事，看 \r\n他理不理我。 \r\n 蒙太古 但愿你留在这儿， 能够听到他的真情的吐露。来，夫人，我们去吧。 \r\n（蒙太古夫妇同下。） \r\n 罗密欧上。 \r\n 班伏里奥 早安，兄弟。 \r\n 罗密欧 天还是这样早吗？ \r\n 班伏里奥 刚敲过九点钟。 \r\n 罗密欧 唉！在悲哀里度过的时间似乎是格外长的。急忙忙地走过去的那个人， \r\n不就是我的父亲吗？ \r\n 班伏里奥 正是。什么悲哀使罗密欧的时间过得这样长？ \r\n 罗密欧 因为我缺少了可以使时间变为短促的东西。 \r\n 班伏里奥 你跌进恋爱的网里了吗？ \r\n 罗密欧 我还在门外徘徊—— \r\n 班伏里奥 在恋爱的门外？ \r\n 罗密欧 我不能得到我的意中人的欢心。 ', '8', '2015-10-25 00:00:00');
INSERT INTO `forum` VALUES ('9', 'wxy', '计算机病毒与防护', '计算机发展的脚步迅速，网络病毒的发展也同样迅速，网络病毒一旦爆发，你关机、杀毒都无济于事，他会在很短的时间内传遍公司的网络，一台机一台机的杀毒模式已经不适应了。网络病毒从类型上分，可以分为两种：木马病毒、蠕虫病毒，从传播途径来说，又可以分为漏洞型病毒、邮件型病毒两种。新病毒层出不穷，我们只有不断补充新的查杀知识，在工作中不断积累实践经验才能在网络管理员与网络病毒的战斗中处于更加有利的地位。 \r\n 　　现如今，计算机已经成为人们的必备品，互联网已成为人与人之间沟通的重要方式跟桥梁。计算机的功能也从最开始简单的文件处理、数学运算、办公自动化发展到复杂的企业外部网、企业内部网、互联网世界范围内的业务处理以及信息共享等。计算机发展的脚步迅速，网络病毒的发展也同样迅速，网络病毒一旦爆发，你关机、杀毒都无济于事，他会在很短的时间内传遍公司的网络，一台机一台机的杀毒模式已经不适应了。网络病毒一般是利用电脑本身存在的问题或弱点进行传播，系统的防护是重要的一个环节，网络病毒与反病毒是对立成长，相互存在的，这两种技术就是在不断地杀与被杀中互相壮大，成长。现在的计算机病毒最长的特点包括：寄生性、隐蔽性、潜伏性、传染性、破坏性、计算机病毒可触发性。 \r\n　　1 网络病毒分类 \r\n　　1.1网络病毒类型 \r\n　　现如今的网络病毒从类型上分，可以分为两种：木马病毒、蠕虫病毒。木马病毒是一种后门程序，它会潜伏在操作系统中，窃取用户资料比如QQ、网上银行密码、账号、游戏账号密码等。蠕虫病毒相对来说要先进一点，它的传播途径很广，可以利用操作系统和程序的漏洞主动发起攻击，每种蠕虫都有一个能够扫描到计算机当中的漏洞的模块，一旦发现后立即传播出去，由于蠕虫的这一特点，它的危害性也更大，它可以在感染了一台计算机后通过网络感染这个网络内的所有计算机，被感染后，蠕虫会发送大量数据包，所以被感染的网路速度就会变慢，也会因为CPU、内存占用过高而产生或濒临死机状态。 \r\n　　1.2 网络病毒传播途径 \r\n　　按照网络病毒的传播途径来说，又可以分为漏洞型病毒、邮件型病毒两种。相比较而言，邮件型病毒更容易清楚，它是由电子邮件进行传播的，病毒会隐藏在附件中，伪造虚假信息欺骗用户打开或下载该附件，有的邮件病毒也可以通过浏览器的漏洞来进行传播，这样，用户即使只是浏览了邮件内容，并没有查看附件，也同让会让病毒趁虚而入。而漏洞性病毒应用最广泛的就是WINDOWS操作系统，而WINDOWS操作系统的系统操作漏洞非常多，微软会定期发布安全补丁，即便你没有运行非法软件，或者不安全连接，漏洞性病毒也会利用操作系统或软件的漏洞攻击你的计算机，例如2004年风靡的冲击波和震荡波病毒就是漏洞型病毒的一种，他们造成全世界网络计算机的瘫痪，造成了巨大的经济损失。 \r\n　　网络在发展，计算机在普及，病毒也在发展跟普及，如今的病毒已经不止是传统意义上的病毒，有的时候一个病毒往往身兼数职，自己本身是文件型病毒、木马型病毒、漏洞性病毒、邮件型病毒的混合体，这样的病毒危害性更大，也更难查杀。例：“新版《倩女幽魂》刚刚以7300万票房的成绩成为春季档期新冠，网络上打着‘新倩女幽魂’旗号的木马病毒流行度也急剧攀升，风头盖过此前让大量影迷电脑惨遭攻击的《3D肉蒲团》。”记者采访360安全中心获悉，近期伪装新《倩女幽魂》BT下载种子的病毒变种已达到400余个，360安全卫士在4月26日拦截此类病毒攻击超过7万次，建议网友下载视频时注意开启360等安全软件防护，这是一则近日出现在互联网上的信息。如今的病毒传播的方式更加多样化，如何预防和查杀已成为网络安全的重要探讨问题。 \r\n　　2 保护网络安全方法 \r\n　　据美国FBI统计，美国每年因网络安全造成的损失高达75亿美元，Ernst和Young报告，由于信息安全被窃或滥用，几乎80%的大型企业遭受损失。虽然我国收到黑客攻击的损失情况不能与美国等发达国家相比，但是我们国家互联网用户多、用户规模大，网络病毒问题已刻不容缓。 \r\n　　2.1 防火墙 \r\n　　建立一个完整、安全、统一的防火墙防护体系，将不被允许访问的用户与数据拒之门外，阻止黑客访问自己的网络，防止网路不安全因素蔓延到局域网。可以将电脑的账户密码设置的相对复杂一些，将GUEST帐户禁用并删除无用的用户，可以定期不定期的修改密码。 \r\n　　2.2 及时更新系统、补丁 \r\n　　要及时更新系统，安装补丁，保证每周执行一次，安装完毕后一定要重启计算机，只有这样补丁才能生效。安装强有力的杀毒软件，定期进行杀毒。 \r\n　　2.3 严禁下载可疑程序 \r\n　　严禁员工下载不明程序，不可随便翻阅别人发来的文件，不能随便运行电子邮件中的附件等。 \r\n　　2.4 安装杀毒软件 \r\n　　目前，国内安装360的已超过3亿，360杀毒可以永久免费安装方便，具有占内存小、操作方便、杀毒能力强等特点。现在360杀毒2.0创新性地整合了四大领先防杀引擎，包括国际知名的BitDefender病毒查杀引擎、360云查杀引擎、360主动防御引擎、360QVM人工智能引擎。四个引擎智能调度，为您提供全时全面的病毒防护，不但查杀能力出色，而且能第一时间防御新出现的病毒木马。 \r\n　　360查杀步骤：打开360安全卫士。①查杀流行木马——全盘扫描木马——等它更新完之后——开始扫描——把扫描出来的木马进行强力查杀；②切换到“清理恶评插件”——开始扫描——把扫描出来的恶评插件全部选中——立即清理；③切换到“清理使用痕迹”——全选——立即清理；④切换到“高级”——修复IE——立即修复；⑤切换到“启动项”——除ctfmon，360和杀毒软件的进程，其他选项打勾勾——禁用选中项。 \r\n　　至此我们就系统的学习了防范网络病毒，查杀网络病毒的方法，可以有效的防杀网络病毒，将网络病毒带来的灾害和损失降到最低。当然网络病毒也是在发展的，新病毒层出不穷，我们只有不断补充新的查杀知识，在工作中不断积累实践经验才能在网络管理员与网络病毒的战斗中处于更加有利的地位。 \r\n', '6', '2015-10-25 00:00:00');
INSERT INTO `forum` VALUES ('10', 'wxy', '节电节能', '\r\n电饭煲节电小窍门 \r\n现在市面上的电饭煲分为两种：一种是机械电饭煲，另外一种是电脑电饭煲。使用机械电饭煲时，电饭煲上盖一条毛巾，注意不要遮住出气孔，这样可以减少热量损失。当米汤沸腾后，将按键抬起利用电热盘的余热将米汤蒸干，再摁下按键，焖15分钟即可食用。电饭煲用完后，一定要拔下电源插头，不然电饭煲内温度下降到 70度以下时，会自动通电，这样既费电又会缩短使用寿命。尽量选择功率大的电饭煲，因为煮同量的米饭，700瓦的电饭煲比500瓦的电饭煲要省时间。电脑电饭煲一般功率较大，在800瓦左右，从而节能，但价格稍贵，一般都在500元至800元之间。 \r\n电视机节电小窍门 \r\n电视机节能可以通过如下几条途径：首先控制好对比度和亮度。一般彩色电视机最亮与最暗时的功耗能相差3O瓦至50瓦，建议室内开一盏低瓦数的日光灯，把电视对比度和亮度调到中间为最佳。其次控制音量，音量大，功耗高。第三个省电的办法是观看影碟时，最好在AV状态下。因为在AV状态下，信号是直接接入的，减少了电视高频头工作，耗电自然就减少了。第四是看完电视后，不能用遥控器关机，要关掉电视机上的电源。因为遥控关机后，电视机仍处在整机待用状态，还在用电。一般情况下，待机10小时，相当于消耗半度电。最后是给电视机加防尘罩。这样可防止电视机吸进灰尘，灰尘多了增加电耗。 \r\n空调节电小窍门 \r\n1.空调使用过程中温度不能调得过低。因为空调所控制的温度调得越低，所耗的电量就越多，故一般把室内温度降低6至7度就行了。 \r\n2.制冷时室温定高1度，制热时室温定低2度，均可省电10％以上，而人体几乎觉察不到这微小的差别。 \r\n3.设定开机时，设置高冷／高热，以最快达到控制目的；当温度适宜时，改中、低风、减少能耗，降低噪音。 \r\n4.“通风”开关不能处于常开状态，否则将增加耗电量。 \r\n5.少开门窗可以减少房外热量进入，利于省电。 \r\n6.使用空调器的房间，最好使用厚质地的窗帘，以减少凉空气散失。 \r\n7.室内、外机连接管不超过推荐长度，可增强制冷效果。 \r\n8.安装空调器要尽量选择房间的阴面，避免阳光直射机身。如不具备这种条件，应给空调器加盖遮阳罩。 \r\n9.定期清除室外散热片上的灰尘，保持清洁。散热片上的灰尘过多，可大幅度增加耗电量。 \r\n冰箱节电小窍门 \r\n目前市场上出现的A＋＋级节能冰箱比普通的冰箱要省电。家庭用的节能冰箱一般消耗0.5?0.8度电／天，而普通冰箱一般耗电1?1.5度电／天，大约可以省一半电。另外，使用冰箱的过程中，应注意以下问题： \r\n10.冷藏物品不要放得太密，留下空隙利于冷空气循环，这样食物降温的速度比较快，减少压缩机的运转次数，节约电能。 \r\n11.在冰箱里放进新鲜果菜时，一定要把它们摊开。如果果菜堆在一起，会造成外冷内热，就会消耗更多的电量。 \r\n12.对于那些块头较大的食物，可根据家庭每次食用的份量分开包装，一次只取出一次食用的量，而不必把一大块食物都从冰箱里取出来，用不完再放回去。反复冷冻既浪费电力，又容易对食物产生破坏。 \r\n13.解冻的方法有水冲、自然解冻等几种。在食用前几小时，可以先把食物从冷藏室（4度左右）里拿到微冻室（1度左右）里，因为冷冻食品的冷气可以帮助保持温度，减少压缩机的运转，从而达到省电目的。 \r\n冰箱的摆放也有讲究，一般应该注意以下两个问题： \r\n14.在摆放冰箱时，一般应在两侧预留5?10厘米、上方10厘米、后侧10厘米的空间，可以帮助冰箱散热。 \r\n15.不要与音响、电视、微波炉等电器放在一起，这些电器产生的热量会增加冰箱的耗电量。 \r\n节能是很重要的，人都应该用这些小窍门，不应该因嫌麻烦就不去做这些事。这些事对谁都有极大的好处的，仅仅需要举手之劳而已。有关部门也应该加大节能力度，多多宣传。让人类都节约这并不是永远都有的能源!为造福我们的后代而努力吧。', '5', '2015-10-25 00:00:00');
INSERT INTO `forum` VALUES ('11', 'wxy', '该怎样长大', '     我们都在渐渐长大，却忽视了父母正在渐渐老去。当我们走的太快、太累，别忘了回头看看，他们依然在你的身后守候着你。                     亲情如山。', '4', '2015-11-01 00:00:00');
INSERT INTO `forum` VALUES ('12', 'www', '怎样面对挫折', '首先。。。', '4', '2015-11-05 08:22:15');
INSERT INTO `forum` VALUES ('13', 'www', '为什么要努力学习', '读史使人明智,读诗使人灵秀,数学使人周密,自然哲学使人精邃,伦理学使人庄重,逻辑修辞学使人善辩”。知识能够塑造一个人的性格，而学习恰恰能够使人获得更多的知识，可见学习尤为重要。\r\n    有很多同学会说学习苦、累，或者我学不会我也考不好不想学了，这两种说法都是错误的。\r\n    首先，我无法否认学习之苦，学习之类，但甘守学习的苦才能享受学习的甜。 在校园里，我们快乐地成长，为理想而奋斗！遨游学海，跋涉书山，知识上的满足给我们快乐；山重水复，曲径通幽，破解难题的柳暗花明给我们快乐；思想境界上的不断开阔，心灵上的不断净化给我们快乐。记得爱因斯坦曾说：千万不要把学习当成一个任务，而应该看成一个令人羡慕的机会。是的，只要我们不辞劳苦，敢于面对学习中的困难，你会发现，学习中自有情趣，更有快乐。\r\n      其实，每个人都不能绝对的说自己有多聪明多厉害，也没有人会认为自己是不聪明的，任何一个人的成功都是通过自己的努力学习获得的，如果不学习即使有天才的智慧也只是浪费，然而只要你努力了，成绩好坏并没什么关系。\r\n      方仲永幼时是天资聪颖的神童，但他最终成为一个平凡的人，是因为他没有受到后天良好的教育。像他那样天生聪明，如此有才智的人，没有受到后天的教育，尚且要成为平凡的人，那我们呢？如果不学习，那不就连一个普通人都算不上了吗？\r\n      战国时有位名为苏秦的好学者，昼夜勤读，困倦时就用锥子扎自己的大腿，清醒后继续学习。晋代名士孙敬，昼夜苦读，唯恐困倦，就用绳系发悬在房梁上，瞌睡时把自己拽醒，继续学习。这两位最后都取得了伟大的成功。由此可见，努力学习是一个人成功的必经之路。\r\n      一个人偶尔的失败并不能说明什么，成绩的好坏更不能说明一个人的聪明，台湾著名作家琼瑶，小时候除了语文外，其他学科成绩并不好，有一次，数学考试他只考了20分，可是他并没有放弃自己，而是努力拼搏，最终取得了令人羡慕的成就。\r\n   俗话说一年之计在于春，但冬天才是学习最好的时间，没有干扰，周围的一切都很安静，在这种环境下更有利于我们的学习，所以，同学们不要再抱怨紧张的学习中没有快乐，不要因为一次的失败而放弃努力，让我们一起抬起头，正好装，努力学习把', '1', '2015-11-06 00:00:00');
INSERT INTO `forum` VALUES ('14', 'abc', '如何提升自我', '　很多成功人士都有一个共同的体会：要想有所作为，就必须提升自我能力。以下是小编整理的关于如何提升自我的文章，欢迎大家阅读。\r\n　　龙应台在《有些事，只能一个人做》中写到：“奔忙，使作家无法写作，使音乐家无法谱曲，使画家无法作画，使学者无法著述;奔忙，使思想家变成名嘴，使名嘴变成娱乐家，使娱乐家变成聒噪小丑。闲暇、逗留，确实是创造力的有机土壤，不可或缺。”\r\n　　挤出大块的时间，这是自我提升的大前提。有效的时间管理是自我提升根本。业余时间的利用是提升自我的关键。\r\n　　1.需要自我提升哪些方面?\r\n　　学习能力：面对陌生的领域，能有条理按部就班的用1年左右的时间进行学习。\r\n　　身体素质：健康的身体是奋斗的前提，职场人真心病不起，大家都懂。\r\n　　专业技能：各专业的情况不一样，专业能力是核心竞争力。\r\n　　阅读能力：提高提炼有效信息的速度，根据自身的需要，每年对有兴趣的2-3个领域进行主题阅读。\r\n　　写作能力： 能妥善的将自己的想法用文字表达出来。\r\n　　时间管理：提高对时间的敏感性与对自身计划安排的掌控能力。\r\n　　独立思考：培养批判性思维，看待问题不受权威而左右思维的独立性，拥有自己的思维战略。\r\n\r\n　　知识管理：能将大量相关资料整理成知识框架，并与他人分享。\r\n　　人际沟通：成为一个有趣的人，多认识不同的人，了解自己的长处与弱点。\r\n　　演讲演示：能在关键场合讲自己想表达的内容表达清楚，达到预期效果。\r\n　　谈判能力：掌握谈判技巧，达到谈判预期目的。\r\n　　项目统筹：在现有的资源下通过委任和监督完成中小型项目。\r\n　　2.如何提高这些方面?\r\n　　锁定领域，寻找该领域5-8本最经典的书进行阅读，建立理论基础。也可以进行视频或者培训。\r\n　　至少半年以上的实践时间并不断根据自身情况改善。\r\n　　将自己的经验通过各种形式整理成资料，分享给他人。\r\n　　提高这些方面并不是一朝一夕的事情，但这12个方面的提高的方法是一致的。\r\n　　需求时间：粗略估计，入门半年到一年、中等三到五年、专家六年到九年甚至更多。\r\n　　3.怎么检测对知识和技能的掌握程度?\r\n　　“了解”指知道得清楚。\r\n　　如刚刚获取驾照。\r\n　　如英语刚过四六级。\r\n　　“掌握”指熟知并能运用。\r\n　　如开车在固定路线上下班。\r\n　　如能跟外国人流畅的用英语聊天。\r\n　　“熟练”指熟知并运用得顺手。\r\n　　如独自长途到陌生的城市。\r\n　　如到全英环境的国家生活一段时间并适应。\r\n　　“精通” 指透彻理解，运用自如，并能融会贯通。\r\n　　如电影里面男主角的各种飚车神技。\r\n　　如优秀译者，同传，高端大气上等次。', '4', '2015-11-06 00:00:00');
INSERT INTO `forum` VALUES ('15', '123', '聆听心灵的选择', '无论在任何时候，你通常都无法预见脚下的路将通往何方，想法归想法，它无法保证能带你走上一条理想的道路。在我年轻时，我从没预见到过自己有一天会成为惠普公司的首席执行官。所以，你不但要学会倾听自己的心声、倾听自己的勇气。一个人必须要能够把目光超越于眼下要做出的选择，然后勇于实现更大的梦想，勇于为了可能的目标而奋斗，勇于真正地去追求一些重要的东西。\r\n　　直到今天我才懂得，我是在4岁时就开始了自己的职业生涯的，那时我向我的父母亲和全世界宣布：“妈妈、爸爸，我想当一名消防队员!”可你们必须知道，我之所以那样说并不是出于保民一方的伟大愿望，我那时的想法远没有那么复杂。事实上，我那么说只是因为我喜欢红颜色，而且我觉得黑色和白色的、身上带着斑点的搜救犬真的很酷。但现在，当我回忆过去，我看到的是一个无所畏惧地决定终生走上一条陌生道路的孩子，我看到的是无论孩子有何目标，都会给其鼓励的一对父母。\r\n　　当然，我现在还看清了，当初我是在决定放弃法学院的那一天就开始走上了成为一名CEO的道路的。在我明白了当一名消防队员实际上比红颜色和搜救犬要复杂得多的时候，在我知道我自己永远无法像我那位艺术家妈妈一样画画的时候，我很自然地想到，我可以跟随父亲的脚步走。你们知道，我父亲是一名法学教授，并且是法官，他给我的指点和作出的榜样对于我来说从来都是至高无上的。所以，当我在斯坦福大学学完中世纪课程后，我去了法学院。那时我走的是逻辑性的道路，我自己，还有其他人，向来都觉得我一定会做出这样的选择。而我则是想让父亲因为我而感到骄傲，所以我想追随他的脚步走。但当我在法学院艰苦地学习时，我很快就发现，我并不喜欢学习法律。并且对我而言，在一件案例上争论不休的感觉很让我受拘束。我父亲喜欢法律，到现在仍然喜欢。所以当我遇到了理性上的挑战时，另一半的我静了下来，他让我痛苦地面临着两难的选择：我应该选择冒险而让父亲失望，还是应该在法学院继续撑下去?或者说，我应该另谋出路，让自己从逻辑的路上解脱出来?\r\n\r\n　　在这个问题折磨我的这段时间，说真的，我有三个月没睡着觉，当我想好之后，我不再犹豫，离开了法学院。那时我做出的这个决定让人感觉是任性的、草率的，我父亲更是这样认为，但那确实是我人生中的重要一课，也是我踏上属于自己的旅程的一个标志。\r\n　　生活会以种种意想不到的方式教给你经验教训，对此我深信不疑。那一次生活中的重大转折教给了我这样一课：要钟爱你所做的事情，否则就不要去做。无论是在事业上还是在生活中，不要仅仅为了取悦他人，或者是为了在别人眼里看上去是项伟大的事业，甚至因为它看起来好像在你当时的人生路上是理所当然之事而做出选择，也许你们现在就是这样。但我必须要告诉你们，你们选择去做一件事情，一定要看它是不是吸引了你的心和才智，是不是吸引了你的全部热情。记住，作为一所世界级大学的毕业生，作为一名在这里拿到了电子工程、或是物理学、计算机科学、建筑学学位证书的毕业生，选择的自由现在属于你们。为了充分发挥这个自由的作用，你们就要动用起你们的才智、你们的心和你们的勇气。自由地选择有时会让人感觉是个可怕的负担，但是只要我们懂得如何奉献出自己的全部身心、只要我们认识到，我们拥有在人生旅途上拼搏的一切所需之物时，这个“负担”就会焕发出灿烂的光华。\r\n　　现在，在麻省理工学院的这个上午，我们在庆祝着你们才智的毕业。要知道你们的才智在这段受教育的时期里表现得出色之极，你们不容置疑地证实了自己能够吸取知识、能够发明、能够创造。毫无疑问，你们储存在大脑里的知识将成为你们的无价之宝。然而，人生不能单纯地依靠才智。尤其是当你们离开这里的时候，当你们开始了人生第二阶段的重要旅程的时候，你们就要懂得如何倾听自己的心声。当然，现在对于你们当中的一些人来讲，按照自己的心发挥出你们的全部能量是一件自然而然的事情，你们会觉得这很简单，也许你们在出生时就有了这个本事。但对于我们另一部分人来说，达到那种境界还需要一个过程，也许需要几年、几十年。而且我不得不说，我们当中的一些人也许永远也不能完全地了解自己，但我们必须要始终为之努力。\r\n　　如果你做到了这些，那么当你回首往事，或者以后也在这个讲台前俯视台下时，你就会知道，你给自己选择的道路是你送给自己的一件最珍贵的礼物，而且你已经尽自己所能地充分利用好了你的这份珍贵的礼物。', '4', '2015-11-06 00:00:00');
INSERT INTO `forum` VALUES ('16', 'abc', '你是在为谁奋斗', '你有没有怀疑过为什么人长大以后，就失去了生命中所有的喜悦?目前你们这些年轻人都还算蛮快乐的;你们有你们的小问题，还要担心考试，但是除了这些问题之外，你们的生活还是有某些喜悦的，不是吗?你们自然而然、十分容易地接受了生命，你们用轻松的、快乐的态度来看待事物。\r\n　　但是等到长大以后，我们似乎就失去了这种超然于世俗之外的、具有更深含义的喜悦。为什么我们大部分人进入所谓的“成熟期”之后，反而变得呆滞，对喜悦、美、蓝天及大地都不再敏感了?\r\n　　你知道，当一个人扪心自问这些问题时，许多种解释都会浮上心头。其中有个解释就是：我们都太关心自己了。我们努力变成某某人物，奋力得到并维持某种地位，我们有下一代以及其他的责任，我们必须赚钱。所有这些外在事物很快就让我们喘不过气来，使我们失去了生活的喜悦。\r\n　　你看看周遭那些年长的面孔，你看他们有多么哀伤，多么操劳过度而不健康，他们是那么退缩、冷漠，有时候甚至有点神经质，一点笑容也没有。你难道没有问过自己为什么吗?即使我们问自己为什么，大部分人似乎得到一个解释以后也就满足了。\r\n\r\n　　昨天黄昏时分，我看见一艘满帆的船，在西风的吹送下逆流而上。那是一艘大船，载满了薪柴驶向城镇。太阳正在西下，这艘背对天空的船真是出奇的美。船夫只是轻轻地掌舵，一点也没费力，因为西风正在尽力。同样的，如果我们每个人都能了解奋斗以及冲突所带来的问题，那么我们就能毫不费力地、快乐地生活，脸上还带着微笑。我想就是这种费力的态度毁了我们，使我们几乎每分每秒都在奋斗中。如果你观察身边年长的人，你会发现他们的生活是由一连串的和自己、和配偶、和邻居、和社会的争战所组成的。这永不休止的争战把能量耗尽了。一个喜悦的、真正快乐的人，是不费力生活的人。这不代表你是停滞的、呆板的、愚笨的;相反，只有那些非常有智慧的人，才能真正从辛苦和奋斗中解脱。\r\n　　但是你知道，我们一听见这种自在的、不费力的境界，我们就很想变成那个样子，我们也想达到那种不再辛劳与冲突的境界，因此，我们反而把它变成自己的目标、理想，然后我们又再度被努力、奋斗所局限。奋斗的目标有很多种，但是奋斗的本质都是相同的。一个人可能为了改革社会、为了寻找神、为了制造和配偶、邻居之间更好的关系而奋斗，或坐在恒河边膜拜上师。这一切都是努力与奋斗。所以奋斗的目标并不重要，重要的是了解奋斗的本质是什么。\r\n　　我们的心有没有可能随时都自在，完全没有挣扎，不仅仅是偶尔感觉自在就算了?如果能够达到这种境界，我们就能进入不再与人比高低的喜乐状态。\r\n　　我们的困难就在于自己常觉得不如别人，因此就要奋力去变成某某人物，或是努力克服各种自相矛盾的欲望。但是请不要解释为什么人的心中充满了挣扎，因为每个能思考的人都知道挣扎的原因在哪里，不外乎就是嫉妒、贪婪、野心和竞争。所以我们不必研读心理学的书籍才能了解自己挣扎的原因，重要的是，我们必须弄清楚人心是否可以完全脱离挣扎。\r\n　　当我们挣扎时，起因总是来自真实的自己和期望中的自己之间的冲突。然而，如果不加以任何解释，我们能不能了解挣扎的整个心理过程，然后停止所有的挣扎?', '4', '2015-11-06 00:00:00');
INSERT INTO `forum` VALUES ('17', 'yy', '为梦想不断前行', '梦想即是人们在梦里所大胆的想象，不一定会实现，但只是一个美好的期望。以下是小编整理的关于为梦想不断前行的文章，欢迎大家阅读。\r\n　　辞职，或许是一个奋不顾身的决定，或许是一种说走就走的任性，无论如何，它的恣意洒脱似乎注定会火。一位中学女老师写下的“世界那么大，我想去看看”，更是火势燎原，火光冲天，被誉为史上最具浪漫情怀的辞职信，勾起了无数人们心灵深处那一团经年累月不曾熄灭的火。于是乎，有人和我聊起华为公司原副总裁徐家骏八年前离职时写给总裁任正非的辞职信——《华为十年》。\r\n　　徐家骏的履历固然是一个传奇，然而让他真正扬名于世的，却是因为他的辞职演说。洋洋洒洒万余字的辞职信，相比于那位中学女老师简单率性的十个字，写得大气磅礴、气壮山河，更像是一部史诗巨著。从毕业报到、初入职场到通宵达旦、攻坚克难，从十二条职场体会到十组深情感谢，被誉为最牛打工皇帝的徐先生写下的《华为十年》，因其真情告白拥有了极为顽强的生命力，以至于转载不停、流传至今，依旧是许多人干事创业的励志范本。\r\n　　1971年出生的徐家骏从小成绩优异，1989年考上中国科技大学，1997年只身前往深圳，开始了在华为的十年。十年间的种种梦想、努力、贡献、牺牲、奋斗包括一切的艰辛折磨都一一趟过，2007年离开华为，2008转战百度，2011年改做“宅男”，徐家骏说，他想静下心来去研发属于自己的手机APP。徐家骏或许就是这样的一个人：即使宅在家里，也是一匹不知疲倦永远奔跑的骏马。其实，像他这样不断挑战和超越现状的领跑者大有人在。IT行业翘楚的马云曾在高考失败后做起踩三轮车的工作，直到有一天在金华火车站捡到路遥的《人生》，才决定改变自己的命运。1984年马云几番辛苦考入杭州师范学院外语系。1991年、马云和朋友成立海博翻译社，因为赚的钱不够交房租，马云便背着大麻袋去义乌卖各种小商品来给翻译社养家糊口，却意外发现了商机，于是通过十年打拼，亲手缔造出阿里巴巴的商业帝国。\r\n\r\n　　类似这样的传奇大亨不胜枚举。他们与常人的不同，或许就在于许多人是晚上想想千条路、早上起来走原路，而他们却有着很强的创新力、执行力、行动力，不愿去空想困难和问题，想了就做，不拖不等。遇到问题了，就马上研究学习，想方设法排除解决。解决不了，就绕道走。实在绕不开了，就推来重来，或者跳槽转型。从他们身上，我们难道就没有什么启发吗?\r\n　　答案当然是否定的。绝大多数光鲜亮丽的风光背后，总有一些不为人知的辛酸。纵观历史上许多风云人物的成功人士，他们成功的人生或许各有不同，但都有一个学习、挑战、超越、再学习、再挑战、再超越的过程。天上可能偶尔会掉馅饼，但绝不可能天天都有，守株待兔可能有时会有收获，却绝对不是长久之计。坚持学习、不断挑战、努力超越，并在如此循环中持之以恒，才是成功的大道、正道、王道。\r\n　　徐家骏在辞职信里列举的十二条观点，至少有一半都与学习有关。“与他人合作”需要学习，“心有多大，舞台就有多大”离不开超前的学习，“好好学习，天天向上”更与学习直接相关，“勇于犯错，善于反思”提倡的是在实践中学习，“要有方法、有套路”讲的是系统性的学习，“独立思考”的根基在于学习，“多点人文修养和审美情趣”则蕴含着对秩序、简单和美的外延性学习。而且徐家骏本身就是依靠不断的学习，一步步从技术员走向副总裁的。可见，学习对于一个人的发展和贡献，重要之至。\r\n　　人和人之间的差距怎么就那么大?根源便在于学习。但差距不是一天两天形成的，一蹴而就、一步登天、一鸣惊人更不可能是常态，螺旋式上升才符合事物发展的自然规律。人们常说“学习改变命运”，但是学一天、学两天是改变不了命运的。学和不学造成的差距，会一天比一天扩大，坚持不懈地学下去的人，才可能把别人远远地甩在后面。学习不能够“三天打鱼，两天晒网”，必须要“绳锯木断，水滴石穿。”因此，学习是终身的任务，活到老、学到老、用到老，我们才能不断有新发现、新思路、新建树。\r\n　　需要注意的是，学习只是一种能力，学习并不是终点，学以致用才能学有所成，而挑战恰恰是一种学习转向实践的工具，通过挑战检验学习成效，通过挑战修正学习方向，通过挑战体现学习价值，都是挑战的意义所在。挑战必须认清“逆水行舟，不进则退，慢进亦退”的道理，以高度的紧迫感给自己持续加压，用最坏的打算展现最好的状态。\r\n　　当然，挑战也不是终点，原地不动的挑战不会推动个人的发展，更不可能推动社会的进步，一次次的挑战应当使自己一点点的变强，跳得越来越远、越来越高、越来越有力量，通过量变的积累，最终达到质变的飞跃，突破原来的极限，超越原来的自己。从这个角度来说，学习是积累，挑战是过程，超越是目标，实现目标的畅快淋漓总是令人兴奋不已。\r\n　　但是，超越仍旧不是终点。超越就像征服了一座山，而一山更比一山高，或者有的山虽然不比现在被征服的这座山高，但它们可能更险峻，或者更灵秀，可能更逶迤，或者更巍峨，总之，不同的山上有不同的风景，生活应当知足常乐，学习却不应当知足留步，永不满足才能永攀高峰，坚持挑战才能不断超越，超越一座座山峰，便能得到一次次充实的人生体验。所以，学习、挑战、超越应当成为一种良性的循环，一次次在生命中重演，一次次在拼搏中收获。\r\n　　回到开篇的话题，徐家骏说他见证了公司的奋斗历程，也投身其中，在大潮中边学边游泳，走到今天，现在我想离开公司了，准备去开始新的事业，接受全新的挑战。他的这种精神，不正是这种不甘止步、锐意进取、永攀高峰的真实写照和最佳诠释吗?他分享的从小事做起、敢想敢做、好好学习、天天向上、勇于实践、善于反思、独立思考、实干负责、开放分享、管理时间等观点，都是十年工作呕心沥血的经验体会，非常值得我们学习领会。\r\n　　如今我来北京也十年了，也和徐家骏一样一直在一个单位待着，成就却无法比肩。这里面既有个人的奋斗问题，也有单位的舞台问题。十年，并不是一个轻松的话题。创业者通过十年打拼，有的可以从普通人变身为英雄;同学们通过十年奋斗，彼此间往往会产生巨大的分水岭。正如今年我刚在中办的杂志上发表过的一篇《起舞在绿叶的天地里》文章所写，“功夫不负有心人，只要时时事事留心积蓄力量，耐心等待厚积薄发的时刻，绿叶终会有出彩的一天。”\r\n　　十年能改变许多事情。人生有几个十年?工作也不过三四十年，何况“世界那么大”，谁都想到外面看看，我也一样，愿意为了追求、抱负、理想，大声喊出“我想去看看”。活出自在更出彩，活出勇敢梦更圆。无论路多坎坷，不管结局如何，哪怕回到原点，为了下一个十年，走出这一步值得一试。毕竟，燃烧不熄的梦想最可贵，追逐未来的人生最无悔，每一次尝试都必将是追求目标的经历，每一步足迹都可能是孕育成功的种子。\r\n　　人生一辈子，总该为梦想多拼搏几次。学习→挑战→超越，它们不是单循环，从来不会有终点。当我们为梦向前冲，就会明白从学习到挑战再到超越的每一轮提升，永远都是过程。今年下半年我有幸被挑选到总政网络办学习，无疑又是一个新的起点、一段新的征程，而人生拼搏的价值就在于任凭岁月感怀、内心信念永在，通过学习挑战超越再学习再挑战再超越这样循环往复的过程，努力呼吸新鲜的空气，始终探寻生命的奥义，勇敢活出真正的自己!', '4', '2015-11-06 00:00:00');
INSERT INTO `forum` VALUES ('19', 'wxy', '学习数学史的意义', '1）数学史的科学意义 \r\n每一门科学都有其发展的历史，作为历史上的科学，既有其历史性又有其现实性。其现实性首先表现在科学概念与方法的延续性方面，今日的科学研究在某种程度上是对历史上科学传统的深化与发展，或者是对历史上科学难题的解决，因此我们无法割裂科学现实与科学史之间的联系。数学科学具有悠久的历史，与自然科学相比，数学更是积累性科学，其概念和方法更具有延续性，比如古代文明中形成的十进位值制记数法和四则运算法则，我们今天仍在使用，诸如费尔马猜想、哥德巴赫猜想等历史上的难题，长期以来一直是现代数论领域中的研究热点，数学传统与数学史材料可以在现实的数学研究中获得发展。国内外许多著名的数学大师都具有深厚的数学史修养或者兼及数学史研究，并善于从历史素材中汲取养分，做到古为今用，推陈出新。我国著名数学家吴文俊先生早年在拓扑学研究领域取得杰出成就，七十年代开始研究中国数学史，在中国数学史研究的理论和方法方面开创了新的局面，特别是在中国传统数学机械化思想的启发下，建立了被誉为\"吴方法\"的关于几何定理机器证明的数学机械化方法，他的工作不愧为古为今用，振兴民族文化的典范。 \r\n科学史的现实性还表现在为我们今日的科学研究提供经验教训和历史借鉴，以使我们明确科学研究的方向以少走弯路或错路，为当今科技发展决策的制定提供依据，也是我们预见科学未来的依据。多了解一些数学史知识，也不会致使我们出现诸如解决三等分角作图、证明四色定理等荒唐事，也避免我们在费尔马大定理等问题上白废时间和精力。同时，总结我国数学发展史上的经验教训，对我国当今数学发展不无益处。 \r\n（2）数学史的文化意义 \r\n美国数学史家m.克莱因曾经说过:\"一个时代的总的特征在很大程度上与这个时代的数学活动密切相关。这种关系在我们这个时代尤为明显\"。\"数学不仅是一种方法、一门艺术或一种语言，数学更主要是一门有着丰富内容的知识体系，其内容对自然科学家、社会科学家、哲学家、逻辑学家和艺术家十分有用，同时影响着政治家和神学家的学说\"。数学已经广泛地影响着人类的生活和思想，是形成现代文化的主要力量。因而数学史是从一个侧面反映的人类文化史，又是人类文明史的最重要的组成部分。许多历史学家通过数学这面镜子，了解古代其他主要文化的特征与价值取向。古希腊（公元前600年-公元前300年）数学家强调严密的推理和由此得出的结论，因此他们不关心这些成果的实用性，而是教育人们去进行抽象的推理，和激发人们对理想与美的追求。通过希腊数学史的考察，就十分容易理解，为什么古希腊具有很难为后世超越的优美文学、极端理性化的哲学，以及理想化的建筑与雕塑。而罗马数学史则告诉我们，罗马文化是外来的，罗马人缺乏独创精神而注重实用。 \r\n（3）数学史的教育意义 \r\n当我们学习过数学史后，自然会有这样的感觉：数学的发展并不合逻辑，或者说，数学发展的实际情况与我们今日所学的数学教科书很不一致。我们今日中学所学的数学内容基本上属于17世纪微积分学以前的初等数学知识，而大学数学系学习的大部分内容则是17、18世纪的高等数学。这些数学教材业已经过千锤百炼，是在科学性与教育要求相结合的原则指导下经过反复编写的，是将历史上的数学材料按照一定的逻辑结构和学习要求加以取舍编纂的知识体系，这样就必然舍弃了许多数学概念和方法形成的实际背景、知识背景、演化历程以及导致其演化的各种因素，因此仅凭数学教材的学习，难以获得数学的原貌和全景，同时忽视了那些被历史淘汰掉的但对现实科学或许有用的数学材料与方法，而弥补这方面不足的最好途径就是通过数学史的学习。 \r\n在一般人看来，数学是一门枯燥无味的学科，因而很多人视其为畏途，从某种程度上说，这是由于我们的数学教科书教授的往往是一些僵化的、一成不变的数学内容，如果在数学教学中渗透数学史内容而让数学活起来，这样便可以激发学生的学习兴趣，也有助于学生对数学概念、方法和原理的理解与认识的深化。 \r\n科学史是一门文理交叉学科，从今天的教育现状来看，文科与理科的鸿沟导致我们的教育所培养的人才已经越来越不能适应当今自然科学与社会科学高度渗透的现代化社会，正是由于科学史的学科交叉性才可显示其在沟通文理科方面的作用。通过数学史学习，可以使数学系的学生在接受数学专业训练的同时，获得人文科学方面的修养，文科或其它专业的学生通过数学史的学习可以了解数学概貌，获得数理方面的修养。而历史上数学家的业绩与品德也会在青少年的人格培养上发挥十分重要的作用。 \r\n中国数学有着悠久的历史，14世纪以前一直是世界上数学最为发达的国家，出现过许多杰出数学家，取得了很多辉煌成就，其渊源流长的以计算为中心、具有程序性和机械性的算法化数学模式与古希腊的以几何定理的演绎推理为特征的公理化数学模式相辉映，交替影响世界数学的发展。由于各种复杂的原因，16世纪以后中国变为数学入超国，经历了漫长而艰难的发展历程才渐渐汇入现代数学的潮流。由于教育上的失误，致使接受现代数学文明熏陶的我们，往往数典忘祖，对祖国的传统科学一无所知。数学史可以使学生了解中国古代数学的辉煌成就，了解中国近代数学落后的原因，中国现代数学研究的现状以及与发达国家数学的差距，以激发学生的爱国热情，振兴民族科学。 \r\n\r\n从普高教育上谈 \r\n数学史教学的教育功能 \r\n【摘要】 我国的数学教学一直注重形式化的演绎数学思维的训练,而忽视了培养学生对数学作为一门科学的思想体系,文化内涵和美学价值的认识.《普通高中数学课程标准(实验)》增加的数学史内容,弥补了这方面的不足.本文旨在探讨它的教育功能是如何体现的. \r\n【关键字】 数学史 数学观 教育功能 \r\n《普通高中数学课程标准(实验)》(以下简称《标准》)新意迭出,在教学内容上的亮点之一是增加了数学史方面的内容,提供了有关的11个专题,指出要通过数学史的学习使学生\"体会数学对人类文明发展的作用,提高学习数学的兴趣,加深对数学的理解,感受数学家的严谨态度和锲而不舍的探索精神.\"过去我们一直认为数学属于理科,学的应该是如何解题这样的方法技巧,而数学史像是文科的内容,作为课外了解的扩充知识倒是可以,成为正式的教学内容似乎没有必要.这种思想体现了我们一直以来对数学教育目的和内容的理解误区:只重视形式化的逻辑演绎能力的培养,而忽视了学习数学作为一门科学更内在的东西.下面我们就数学史教学的教育功能作一下探讨. \r\n学习数学史可以帮助学生认识数学,形成正确的数学观 \r\n学习一门学科首先要弄清楚这是一门怎样的学科,《标准》明确提出要使学生\"初步了解数学产生与发展的过程,体会数学对人类文明发展的作用\",而现阶段高中学生对数学的看法大都停留在感性的层面上——枯燥,难学.数学的本质特征是什么 当今数学究竟发展到了哪个阶段 在科学中的地位如何 与其它学科有什么联系 这些问题大都不被学生全面了解,而从数学史中可以找到这些问题的答案. \r\n日本数学家藤天宏教授在第九次国际数学教育大会报告中指出,人类历史上有四个数学高峰:第一个是古希腊的演绎数学时期,它代表了作为科学形态的数学的诞生,是人类\"理性思维\"的第一个重大胜利;第二个是牛顿-莱布尼兹的微积分时期,它为了满足工业革命的需要而产生,在力学,光学,工程技术领域获得巨大成功;第三个是希尔伯特为代表的形式主义公理化时期;第四个是以计算机技术为标志的新数学时期,我们现在就处在这个时期.而数学历史上的三大危机分别是古希腊时期的不可公度量,17,18世纪微积分基础的争论和20世纪初的集合论悖论,它同前三个高峰有着惊人的密切联系,这种联系绝不是偶然,它是数学作为一门追求完美的科学的必然.学生可以从这种联系中发现数学追求的是清晰,准确,严密,不允许有任何杂乱,不允许有任何含糊,这时候学生就很容易认识到数学的三大基本特征——抽象性,严谨性和广泛应用性了. \r\n同时,介绍必要的数学史知识可以使学生在平时的学习中对所学问题的背景产生更加深入的理解,认识到数学绝不是孤立的,它与其他很多学科都关系密切,甚至是很多学科的基础和生长点,对人类文明的发展起着巨大的作用.从数学史上看,数学和天文学一直都关系密切,海王星的发现过程就是一个很好的例子;它与物理学也密不可分,牛顿,笛卡儿等人既是著名的数学家也是著名的物理学家.在我们所处的新数学时期,数学(不仅仅是自然科学)逐步进入社会科学领域,发挥着意想不到的作用,可以说一切高技术的背后都有某种数学技术支持,数学技术已经成为知识经济时代的一个重要特征.这些认识对于一个学习数学十余年的高中生来说是很有必要,也是必不可少的. \r\n二, 学习数学史有利于培养学生正确的数学思维方式 \r\n现行的数学教材一般都是经过了反复推敲的,语言十分精练简洁.为了保持了知识的系统性,把教学内容按定义,定理,证明,推论,例题的顺序编排,缺乏自然的思维方式,对数学知识的内涵,以及相应知识的创造过程介绍也偏少.虽利于学生接受知识,但很容易使学生产生数学知识就是先有定义,接着总结出性质,定理,然后用来解决问题的错误观点.所以,在教学与学习的过程中存在着这样一个矛盾:一方面,教育者为了让学生能够更快更好的掌握数学知识,将知识系统化;另一方面,系统化的知识无法让学生了解到知识大都是经过问题,猜想,论证,检验,完善,一步一步成熟起来的.影响了学生正确数学思维方式的形成. \r\n数学史的学习有利于缓解这个矛盾.通过讲解一些有关的数学历史,让学生在学习系统的数学知识的同时,对数学知识的产生过程,有一个比较清晰的认识,从而培养学生正确的数学思维方式.这样的例子很多,比如说微积分的产生:传统的欧式几何的演绎体系是产生不了微积分的,它是牛顿,莱布尼兹在古希腊的\"穷竭法\",\"求抛物线弓形面积\"等思想的启发下为了满足第一次工业革命的需要创造得到的,产生的初期对\"无穷小\"的定义比较含糊,也不像我们现在看到的这样严密,在数学家们的不断补充,完善下,经过几十年才逐步成熟起来的. \r\n数学史的学习可以引导学生形成一种探索与研究的习惯,去发现和认识在一个问题从产生到解决的过程中,真正创造了些什么,哪些思想,方法代表着该内容相对于以往内容的实质性进步.对这种创造过程的了解,可以使学生体会到一种活的,真正的数学思维过程,有利于学生对一些数学问题形成更深刻的认识,了解数学知识的现实来源和应用,而不是单纯地接受教师传授的知识,从而可以在这种不断学习,不断探索,不断研究的过程中逐步形成正确的数学思维方式. \r\n三,学习数学史有利于培养学生对数学的兴趣,激发学习数学的动机 \r\n动机是激励人,推动人去行动的一种力量,从心理学的观点讲,动机可分为两个部分;人的好奇心,求知欲,兴趣,爱好构成了有利于创造的内部动机;社会责任感构成了有利于创造的外部动机.兴趣是最好的动机.在日本中学生夺取国际IEA调查总分第一名的同时,却发现日本学生不喜欢数学的比例也是第一,这说明他们的好成绩是在社会,家长,学校的压力下获得的.中国的情况如何呢 尚无全面的报道,但河南省新乡市四所中学的高中生学习数学情况的调查发现:\"我不喜欢数学,但为了高考,我必须学好数学\"的学生占被调查者的比例高达62.21%,而对数学\"很感兴趣\"的只有23.12%.可见目前中学生的学习动机不明确,对数学的兴趣也很不够,这些都极大地影响了学习数学的效果.但这并不是因为数学本身无趣,而是它被我们的教学所忽视了.在数学教育中适当结合数学史有利于培养学生对数学的兴趣,克服动机因素的消极倾向. \r\n数学史中有很多能够培养学生学习兴趣的内容,主要有这几个方面:一是与数学有关的小游戏,例如巧拿火柴棒,幻方,商人过河问题等,它们有很强的可操作性,作为课堂活动或是课后研究都可以达到很好的效果.二是一些历史上的数学名题,例如七桥问题,哥德巴赫猜想等,它们往往有生动的文化背景,也容易引起学生的兴趣.还有一些著名数学家的生平,轶事,比如说一些年轻的数学家成材的故事,《标准》中提到的\"从阿贝尔到伽罗瓦\",阿贝尔22岁证明一般五次以上代数方程不存在求根公式,伽罗瓦创建群论的时候只有18岁.还有法国数学家帕斯卡,16岁成为射影几何的奠基人之一,19岁发明原始计算器;德国数学家高斯19岁解决正多边形作图的判定问题,20岁证明代数基本定理,24岁出版影响整个19世纪数论发展,至今仍相当重要的《算术研究》;还有的是许多出生贫穷卑微的数学家通过自己的艰苦努力,最终在的数学研究上有骄人成绩的例子,如19世纪的大几何学家施泰纳出身农家自幼务农,直到14岁还没有学过写字,18岁才正式开始读书,后来靠做私人教师谋生,经过艰苦努力,终于在30岁时在数学上做出重要工作,一举成名.如果在教学中加入这些学生感兴趣又有知识性的内容,消除学生对数学的恐惧感,增加数学的吸引力,数学学习也许就不再是被迫无奈的了. \r\n四,学习数学史为德育教育提供了舞台 \r\n在《标准》的要求下,德育教育已经不是像以前那样主要是政治,语文,历史这些学科的事了,数学史内容的加入使数学教育有更强大的德育教育功能,我们从下几个方面来探讨一下. \r\n首先,学习数学史可以对学生进行爱国主义教育.现行的中学教材讲的大都是外国的数学成就,对我国在数学史上的贡献提得很少, 其实中国数学有着光辉的传统,有刘徽,祖冲之,祖暅,杨辉,秦九韶,李冶,朱世杰等一批优秀的数学家,有中国剩余定理,祖暅公理,\"割圆术\"等具有世界影响的数学成就,对其中很多问题的研究也比国外早很多年.《标准》中\"数学史选讲\"专题3就是\"中国古代数学瑰宝\",提到《九章算术》,\"孙子定理\"这些有代表意义的中国古代数学成就. \r\n然而,现阶段爱国主义教育又不能只停留在感叹我国古代数学的辉煌上.从明代以后中国数学逐渐落后于西方,20世纪初,中国数学家踏上了学习并赶超西方先进数学的艰巨历程.《标准》中\"数学史选讲\"专题11—— \"中国现代数学的发展\"也提到要介绍\"现代中国数学家奋发拼搏,赶超世界数学先进水平的光辉历程\".在新时代的要求下,除了增强学生的民族自豪感之外,还应该培养学生的\"国际意识\",让学生认识到爱国主义不是体现在\"以己之长,说人之短\"上,在科学发现上全人类应该相互学习,互相借鉴,共同提高,我们要尊重外国的数学成就,虚心的学习,\"洋为中用\". \r\n其次,学习数学史可以引导学生学习数学家的优秀品质.任何一门科学的前进和发展的道路都不是平坦的,无理数的发现,非欧几何的创立,微积分的发现等等这些例子都说明了这一点.数学家们或是坚持真理,不畏权威,或是坚持不懈,努力追求,很多人甚至付出毕生的努力.阿基米德在敌人破城而入危及生命的关头仍沉浸在数学研究之中,为的是\"我不能留给后人一条没有证完的定理\".欧拉31岁右眼失明,晚年视力极差最终双目失明,但他仍以坚强的毅力继续研究,他的论文多而且长,以致在他去世之后的10年内,他的论文仍在科学院的院刊上持续发表.对那些在平时学习中遇到稍微繁琐的计算和稍微复杂的证明就打退堂鼓的学生来说,介绍这样一些大数学家在遭遇挫折时又是如何执著追求的故事,对于他们正确看待学习过程中遇到的困难,树立学习数学的信心会产生重要的作用. \r\n最后,学习数学史可以提高学生的美学修养.数学是美的,无数数学家都为这种数学的美所折服.能欣赏美的事物是人的一个基本素质,数学史的学习可以引导学生领悟数学美.很多著名的数学定理,原理都闪现着美学的光辉.例如毕达哥拉斯定理(勾股定理)是初等数学中大家都十分熟悉的一个非常简洁而深刻的定理,有着极为广泛的应用.两千多年来,它激起了无数人对数学的兴趣,意大利著名画家达芬奇,印度国王Bhaskara,美国第20任总统Carfield等都给出过它的证明.1940年,美国数学家卢米斯在所著《毕达哥拉斯命题艺术》的第二版中收集了它的370种证明,充分展现了这个定理的无穷魅力.黄金分割同样十分优美和充满魅力,早在公元前6世纪它就为毕达哥拉斯学派所研究,近代以来人们又惊讶地发现,它与著名的斐波那契数列有着十分密切的内在联系.同时,在感叹和欣赏几何图形的对称美,尺规作图的简单美,体积三角公式的统一美,非欧几何的奇异美等时,可以形成对数学良好的情感体验,数学素养和审美素质也得到了提高,这是德育教育一个新的突破口.', '1', '2015-11-06 00:00:00');
INSERT INTO `forum` VALUES ('20', 'wxy', '怎样学习数学语文', '一,有良好的学习兴趣; \r\n干一件事，知道它，了解它不如爱好它，爱好它不如乐在其中愿意学，喜欢学，这就是兴趣。兴趣是最好的老师，有兴趣才能产生爱好，爱好它就要去实践它，达到乐在其中，有兴趣才会形成学习的主动性和积极性。在学习中，我们把这种从自发的感性的乐趣出发上升为自觉的理性的“认识”过程，这自然会变为立志学好，成为学习的成功者。 \r\n\r\n二,课前预习，对所学知识产生疑问，产生好奇心. \r\n听课中要配合老师讲课，满足感官的兴奋性。听课中重点解决预习中疑问，把老师课堂的提问、停顿、教具和模型的演示都视为欣赏音乐，及时回答老师课堂提问，培养思考与老师同步性，提高精神，把老师对你的提问的评价，变为鞭策学习的动力。 \r\n\r\n三,思考问题注意归纳，挖掘你学习的潜力. \r\n听课中注意老师讲解时的数学思想，多问为什么要这样思考，这样的方法怎样是产生的？ 把概念回归自然。所有学科都是从实际问题中产生归纳的，概念回归于现实生活，概念的产生都是从实际生活中抽象出来的。只有回归现实才能使对概念的理解切实可靠，在应用概念判断、推理时会准确。 \r\n\r\n四,养成良好的学习习惯。 \r\n建立良好的学习习惯，会使自己学习感到有序而轻松。学习的良好习惯应是：多质疑、勤思考、好动手、重归纳、注意应用。学生在学习的过程中，要把教师所传授的知识翻译成为自己的特殊语言，并永久记忆在自己的脑海中。良好的学习习惯包括课前自学、专心上课、及时复习、独立作业、解决疑难、系统小结和课外学习几个方面。使自己的学习习惯于课堂学习的各个环节相适应。 \r\n\r\n五,注意化归转化思想学习。 \r\n人们学习过程就是用掌握的知识去理解、解决未知知识。学习过程都是用旧知识引出和解决新问题，当新的知识掌握后再利用它去解决更新知识。初中知识是基础，如果能把新知识用旧知识解答，你就有了化归转化思想了。可见，学习就是不断地化归转化，不断地继承和发展更新旧知识。 \r\n\r\n六,逐步形成 “以我为主”的学习模式. \r\n知识不是完全靠老师教会的，而是在老师的引导下，靠自己主动的思维活动去获取的。学习就要积极主动地参与学习过程，养成实事求是的科学态度，独立思考、勇于探索的创新精神；正确对待学习中的困难和挫折，败不馁，胜不骄，养成积极进取，不屈不挠，耐挫折的优良心理品质；在学习过程中，要遵循认识规律，善于开动脑筋，积极主动去发现问题，注重新旧知识间的内在联系，不满足于现成的思路和结论，经常进行一题多解，一题多变，从多侧面、多角度思考问题，挖掘问题的实质。学习一定要讲究“活”，只看书不做题不行，只埋头做题不总结积累也不行。对课本知识既要能钻进去，又要能跳出来，结合自身特点，寻找最佳学习方法。 \r\n\r\n\r\n怎样学语文 \r\n一、学好课本知识。 \r\n课本知识是语文的基础，打好基础才能更好的学习它。有不少学生认为只要上课时专心听讲，勤记笔记，课后认真完成作业，再加上自觉复习，就能使成绩提高。其实，这还不够。学习的最重要阶段是预习。也就是说在老师上课之前，你先得自己学习一下课文，在预习中要尽量运用你已经获得的知识和方法去主动地解决自己能解决的问题，把不懂的问题记下来，在上课时跟老师、同学一起学习讨论。课本要反复阅读，直到把问题看的透彻了、明白了。为了巩固知识，你最好在课下做一些练习，知识才会掌握的更牢固。这样不仅学习效果好，而且培养了自己的学习能力。 \r\n\r\n二、注意课外积累。 \r\n知识就像海洋，课本里的知识只是海面上的一个浪花，是远远不能满足我们的需求的，所以适当的课外阅读是很有必要的。进入了紧张的学习阶段，我们不可能再有大量的课余时间进行阅读，因此，阅读时要有选择。我们应广泛浏览各种书籍和报纸杂志，从电视、广播、网络上获取信息，并有条理的做下笔记。要关心社会生活，了解社会动态，使自己的思想要不断进步。这样不仅能使我们积累更多知识，更能丰富我们的生活。 \r\n\r\n三、加强写作训练。 \r\n我们学习语文的一个重要目的就是写作。提高写作能力要从点点滴滴做起。课外积累是写作的基础，要学会对文章的细读，精彩的篇章最好能背诵。如果腹内空空，是写不出好文章的。除此之外，注意观察生活、感悟生活，坚持不懈的记日记，有感而发的写随笔，都是帮助我们写好作文的有效途径。写好的作文要反复修改，也可以请教老师、同学的意见，精益求精。 ', '1', '2015-11-06 00:00:00');
INSERT INTO `forum` VALUES ('21', 'ppp', '高效学习英语方法', '我的一年***标准英语听写体会   我这人一直没有什么太大的毅力，从小到大，做事经常是虎头蛇尾，半途而废的，但是在听***这件事上我真真正正的做到了两个最简单却又最困难的字——坚持。从2003年11月15日开始到今天之中的一年中，我没有落下一天的听写，而且尽量做到当日事当日毕，很少有将当天的***拖到第二天来做，除非真的有特殊情况要出外无法完成，但只要有机会上网就会把落下的内容补上，现在再回头看看存在自己电脑中的300多篇听力内容，我真的有了一种自豪感——也许这在大家看来会觉得没什么，不过就如前面提到的，长这么大。我很少能一直坚持做一件事，这是少数几件之一，所以我才会觉得有一些自豪。大家见笑了 ：）   其实想想，坚持做一件事也没什么太难的，只要每天抽出不到半个小时，就能听听***，只要不把它一拖再拖，说起来，半个小时不到的时间能做些什么呢？也许茶余饭后，看看电视，发发呆的时间就很够半个小时了 ：），最开始的时候，我有过爱把这个做听力的时间往后一拖再拖的毛病，结果往往一拖就拖到十一二点，不仅影响休息，也影响了效率和效果，所以后来我就习惯了FIRST THING FIRST，只要没有很紧要的正事，那么每天的八点，我必定登陆到听力版进行每日的标准***的听写练习。在这里我觉得有必要向我们的GREEN_B斑竹表达敬意和谢意，感谢他365天如一日的每天准时为我们送上***听力大餐，感谢他的辛勤工作！   去年因为一个偶然的机会，我发现了HJ，又喜欢上了GREEN_B斑竹的***栏目。因为我一直都比较喜欢英语，一直都比较注意对英语能力的锻炼，所以我的基础还算不错（呵呵，当然跟坛子里的大牛比起来就有天壤之别了，见笑：） ），因此我当时听了***SP和***ST后，自己感觉了一下，***SP基本上可以一次听懂，所以决定直接听***ST。   刚开始的时候真的是有点痛苦，播音员一句话读过去的时候，绝大多数的词我都感到很熟悉，但是当句子说完以后，脑子里却是一片空空，完全说不出刚才句子说的是什么内容，有时甚至连一个词都复述不出来。所以我当时考虑之后，认为除了听力能力欠缺外，这个问题中也包含了阅读能力欠缺的缘故，打个比方说，在看一个稍微复杂一点的句子的时候，保证不要回头看，即使句子中每个词都认识，但是当眼睛扫完最后一个词的时候，却无法说出句子的意思，需要再反复一次或者两次才能看懂句子的意思，当然，诸如”Hello, how are you doing today”之类的句子不在此类 -_-！。所以我在不放松听力训练的同时，也注意加强了阅读的训练，主要的材料有石的220篇，还有一些散文，科幻短文。事实证明我的做法没错，的确有很大的提高。由于实际情况的限制，我当时采用的听写方式是用SITMAN反复复读听写，而且重复的区间很短，大概四、五个词。这样练了将近一个月，收到一些效果后，我感到不能再这样练下去，因为这样将句子拆得四分五裂，其实很不利于理解，进而对综合听力能力的提高产生限制。于是，这个时候我的听写方法发生了变化，仍然是利用SITMAN这个好帮手，我先会将每天的听力材料先通听一到两遍，首先把句子长短摸清楚，然后用SITMAN放一句暂停，听写，再一句暂停，再听写，在这个过程中不进行复读，如果有不会的或听不明白的暂且放下，直到放完一遍，这样整篇的大意也有了个初步了解，然后再利用SITMAN从头检查一遍，对开始没听出来的地方用复读功能反复听，最后再通篇放一次。最后提交听写内容获得答案，与自己的比较，对那些错误的地方和仍然没有听出来的地方重点注意。与此类似的方法我一直用到现在。刚开始的时候坛子里还没有总结和翻译帖，这些内容加进来以后，和大家交流的锻炼的机会更多，所以提高的也就更快了。   就这样我又听了一两个月，听力能力的确获得一定的提高。偶然有一天，我觉得无聊，便随便点开了以前的某天的听力材料听听，发现我还是有些地方听不出来，打开当时自己听写的文本一看，结果以前没听出来的地方过了一两个月后仍然听不出来，看来光听完还不够，还要多多\r\n undefined\r\n反复，就象记单词的记忆曲线一样，要隔段时间回顾一下（当然这跟纯粹的记忆还不大一 样），于是我便将之前的所有听力材料转成WMA文件存到我的MP3中当泛听材料。因为每天的听力材料其实是一个完整话题的一部分，所以用MP3正好可以连起来听，后来我又发现一个一个的察看每天脚本文件很麻烦，于是我就将每天的脚本内容加上时间和标题复制到了一个WORD文档中，方便查找，改正了其中的一些错误（大家知道，有时候某天给出的脚本会有错误），并将它排版后打印装订了出来，（呵呵，还真的不少呢，页边距设到很小，光从11月15日到3月31日就有30多页A4）这就成了一份上好的听力训练材料：），做了这个工作之后，我休息的时候，坐车的时候都可以把MP3拿出来听听，这样效果的确很不错，现在过去听过的材料我都能听懂，而且这样做还有另一个用途——做同传训练——呵呵，说的夸张了点，不过当对听力材料很熟悉了以后，的确是可以做类似的训练，MP3里放着材料的时候，不看脚本，自己的嘴巴也跟着说，要说出声来，而且尽量注意播音员的高低升降语调，以及重音轻音，再进一步熟悉了以后可以考虑MP3里放着，自己开始口头同步进行中文翻译，当然也要说出声音来，因为心里想得出跟说得出是两码事。呵呵，不过这一步非常之累人，做了一会就会很疲劳，好在每篇材料不是很长，只有几十秒。所以不能急于求成，一天练习几篇就行。   这样的练习又做了几个月，这时我辨音能力已经不错了，复读的区间也已经可以增加到几句话的长度了，但是我这时又发现了另一个问题，我太注重听音，或者说是听词了，所以对句子结构和内容的把握仍然不是很理想，于是我开始注意加强把握句子结构和大意的能力，举个最简单的例子来说”The man is sitting on a desk” 与 ”the man sitting on a desk” 当听到后者的时候，这只是一个从句，后面才开始真正的内容，所以会加强注意，这样的东西看书面内容也许很容易区分，但是听的时候也许就不那么容易了。再就是象一些从句标志which, who 之类的也是句子结构的很重要的标记。有些时候，听了前面一部分，句子结构就已经基本清楚，那么就大概知道重要内容会在何处出现，从而会加强注意。不过有一点要声明，这些应该是在潜意识中去完成，如果为了听结构而听结构就得不偿失了，弄懂结构只是为了更好的弄懂句子含义，不要太刻意的去抓结构。   现在我做每天的***跟当初比还是轻松了不少，速度也快多了。看ATV WORLD和CCTV4的时候也基本上能跟上播音员，并能把握大意，有时候看一些国外的访谈节目比如DAVID LATTERMAN的DAVID LATE SHOW也可以跟上主持人思维了，看电影虽然通篇听懂还是有不少问题，电影中大量充斥的不同口音、极快语速、夸张语调和俚语还是跟正统的播音员的不大一样，但还是可以听懂那些正常的部分。在这方面以后还需要多加训练熟悉加强。   现在我又发现了新的问题，那就是做听写的时候过于依赖SITMAN的复读功能，并过于注重细节，这在看英文电视节目的时候暴露无遗，碰到一个不熟悉的东西，思维会有停顿，在几秒中内会落后于播音员，这对听力理解会有一定的影响。因为听写不是目的而是途径，是达到交流过程中对大意的掌握和理解的途径，而交流才是最终目的，并不需要我一字不差的复述下来。我已经决定我下一步的训练方法是将每天的内容通篇听完几遍，不停顿，然后按自己的理解和记忆写下这一整段话，不会太过于将注意力专注于一些过于细微的细节，而可以用自己的思维去填充。然后再与参考脚本对照，在对照的过程中，便可以找到很多“中式英语”与“原汁原味的英语”的差别，这对自己的综合提高是很有帮助的。当然，我知道刚开始的时候，这会很困难，也许不会比我去年刚开始听***时感觉的难度小，不过万事开头难，贵在坚持，只要能继续坚持下去，明年这个时候的我相对于现在，也许就能象今天的我相对于一年前的我一般，能按这种办法轻松的完成听写内容了。   呵呵，罗嗦了这么多，到最后结束的时候，我以我的自身体会给***听友们提几个不成熟的意见吧，希望能对大家有一点点的帮助。如果认为不对的话，大家一笑了之就好，不要丢鸡蛋哦 ：）   1） 最好要将自己每天的听写内容保存到硬盘上，以备日后对比察看。 2） 如果可能的话，多多温习过去听过的内容，贵精不贵多。  3） 如果可能的话，整理一下听过的材料，条件允许的话可以打印出来，并把音频材料转到MP\r\n\r\n3里去。大家总是在找听力材料，而我看这就是一份很好的听力材料，题材广泛，语音纯正，长短适中，语速也较正常。如果真的能好好利用的话，一定不会比大家买的这样那样的资料差。  4） 不要给自己找借口推托，尽量当日事当日毕，当时事当时毕，否则拖欠的只会越来越多，当多到你不想再管它的时候，你的练习进程也就终止了。我有过这样的体会，以前有事出去了一个多月，结果这一个多月的听写补得我一听英语都有点想吐，差点都不想做了。：）  5） 说来说去，还是兴趣第一，如果能先培养出对这方面的兴趣再去练习的话，每天做***就不是一件任务，甚至可以说是一种娱乐消遣，是件很让人期待的事。我现在就是，每天都等着GREEN_B的听力材料出来做听力，因为我认为这是一件很有意思很值得去做的事，反而如果某天不能做的话，反而觉得不自在。  6） 最好能随时发现一些自己存在的问题，找不到解决方法的时候不妨提到论坛里来，这里有很多高人，也许能得到满意的答案，这对自己将是极大的提高。', '1', '2015-11-06 00:00:00');
INSERT INTO `forum` VALUES ('22', 'wer', '关于凤凰山自然保护区的评价的论述', '　论文关键词：自然保护区；凤凰山自然保护区；评价\r\n\r\n　　论文论文摘要：随着全球人口的迅猛增长和社会经济的突飞猛进，人口、资源、环境之间的矛盾日益加剧。持生态平衡，维护人类生存环境，实现资源的可持续发展，保护现存的生态环境及野生生物资源，自然保护区的建立是行之有效的重要措施。 　　\r\n\r\n　　 自然保护区就是人类从对自然界的不断索取和破坏的教训中，逐渐认识到自然界的承受能力和保护自然的重要性，而划定出的加以保护的自然区域。同时又是人类认识，利用和改造自然的科研基地。\r\n\r\n　　 自然保护区建立的同时，对其进行适时的评价，以便掌握保护区的状况，进行正确的评价和对比。自然保护区评价的目的在于;反映自然保护区的特性和价值。其评价标准有很多方面，其中以对自然保护区典型性、稀有性、多样性、自然性、脆弱性等方面的评价意义重大，另外，还应考虑其他因素，如：自然保护区的面积大小，感染力、科研潜力等。自然保护区的效益评价（包括：生态效益、社会效益、经济效益）对自然保护区今后的存在，发展及潜在价值的发挥等方面的研究也很重要。\r\n\r\n　　下面以凤凰山自然保护区为例，试论自然保护区的评价。\r\n\r\n　　 一、保护区概况\r\n\r\n　　 凤凰自然保护区位于黑龙江省鸡东县南部，地处长白山脉与完达山脉南部红松林和北部红松林过渡地带。地理坐标为东经130о58′11″至131о18′50″，北纬45о52′03″至45о05′28之间。南与俄罗斯无人居住区接壤，边境线长达45公里，北与平阳镇、永和镇毗邻，西与四山林场、平房林场相连，东与凤凰山林场相连，距兴凯湖保护区边缘70公里。保护区总面积为26570公顷，森林蓄积量为2379510立方米，保护区的森林覆盖率为94.6％。保护区内总人口780人，属“森林生态系统类型”保护区。\r\n\r\n　　二、资源概况\r\n\r\n　　 (一)植物资源\r\n\r\n　　 保护区植被属长白山植物区系，完达山植被亚区，植物资源丰富，据初步调查保护区共有野生植物703种、隶属于137科、394属。包括藓类植物77种，隶属于29科、55属。维管类植物626种，包括蕨类植物21科、36属、61种，种子植物80科、303属、565种。种子植物中裸子植物3科、6属、11种，被子植物84科、297属、554种。\r\n\r\n　　 保护区内有国家重点保护植物12种，其中国家Ⅰ级2种：东北红豆杉、野山参，国家Ⅱ级保护的有10种：兴凯松、松茸、紫椴、钻天柳、水曲柳、野大豆、胡桃楸、黄檗、红松、浮叶慈茹。\r\n\r\n　　 （二）动物资源\r\n\r\n　　 凤凰山自然保护区有陆栖脊椎动物343种，国家重点保护的50种，其中国家Ⅰ级保护的有9种;东北虎、原麝、东方白鹳、金雕、白尾海雕、白头鹤、丹顶鹤、豹、豺;国家Ⅱ级重点保护的有41种：棕熊、黑熊、猞猁、马鹿、大天鹅、鸳鸯、苍鹰等，保护区与中俄边境陆陆接壤45公里，俄方为无人居住区，植被处于原始状态。根据中、美、俄国际合作调查表明，与保护区接壤的俄方境内有5～6只野生东北虎小种群活动频繁。2011年12月26日，在保护区137林班1小班，惊现2～3只家族式的野生东北虎捕食野猪的痕迹。 论文\r\n　　 （三）景观资源\r\n\r\n　　 保护区特殊的地理位置，地形地貌和森林资源造就了独特的自然景观资源，夏季，浓荫遮日的森林是清凉世界，冬季，浩瀚的林海是冰雪世界，令人神往，令人陶醉。\r\n\r\n　　 三、保护区的评价\r\n\r\n　　（一）典型性 凤凰山自然保护区内有大面积的兴凯松林和针阔混交林，阔叶红松林和兴凯林均为本生物地理区的最好代表。因此，凤凰山自然保护区具有较高的典型性或代表性。\r\n\r\n　　（二）稀有性 兴凯松林在国内和世界分布稀少。保护区内珍稀濒危物种，如东北虎、原麝、金雕等国家重点保护的野生动物共50种;东北红豆杉、兴凯松、松茸、红松、钻天柳等国家重点保护的野生植物12种且分布比较集中，也充分体现了野生共生菌，松茸尚不能用人工方法生产。保护区处于中俄边界地区具有区位特殊性，尤其可以与长白山保护区、东与兴凯湖保护区等形成网络，可以形成中俄地区东北虎迁移、流动的通道。给国际之间开展合作研究，提供了天然的实验平台。\r\n\r\n　　（三）多样性 保护区内以兴凯松林、针阔混交林和阔叶混交林为主，生态系统的组成成分与结构比较复杂，类型比较丰富。区内有高等植物137科394属703种。陆栖脊椎动物6纲37目87科343种。按保护区26570公顷的面积计算，拥有的种类、数量与同类地区相比，物种多样指数处于前列之中，保护区几乎包括了完达山地区所有的森林生态系统类型，具有丰富的生态系统多样性。\r\n\r\n　　（四）自然性 凤凰山自然保护区自1989年建区以来，各级政府十分重视保护区的资源保护工作，将保护区的面积由原来的1488公顷扩大到现在的26570公顷，鸡东县人民政府并为保护区颁发了林权证。县政府先后出台了：《黑龙江凤凰山自然保护区管理办法》、《黑龙江凤凰山自然保护区管理办法实施细则》等文件，保护区内停止了林木采伐，保护区很少受人为干扰，尤其是核心区还保持着自然状态，保护区内的生态系统按照其自然演化规律，逐渐趋于稳定，形成了自然状态的生态系统，动植物种群逐渐发展壮大。林内丰富的生物物种都按其发生发展规律有序地自由生长并相互影响，协同进化。因此，保护区具有较高的自然性。\r\n\r\n　　（五）脆弱性 保护区内的保护对象松茸生长习性特殊，它生长在兴凯松和兴安杜鹃的根部砂质土壤中，根部生出共生菌形成菌丝，然后才能生长，对环境要求十分苛刻，资源一旦破坏很难恢复。东北红豆杉在原始林内天然更新良好，现保存面积在20公顷左右，因人为干扰压力较大，亟待加强保护。野生动物中的珍稀濒危的种群数量很少，种群生活能力、繁殖能力较弱。\r\n\r\n　　（六）面积适宜性 凤凰山自然保护区的面积为26570公顷，根据保护区的保护对象的要求，借鉴同一气候带上自然保护区管理的实践证明，本保护区的面积足以有效维持生态系统的结构和功能，完全能够适应保护的需要，既保持了保护区区域的完整性和连续性，又使区内的动植物得到有效的保护。而且保护区位于中俄边界，具有国际协作保护的意义。\r\n　　 四、保护区的效益评价\r\n\r\n　　（一）生态效益\r\n\r\n　　 保护区主要是保护森林生态系统。森林具有涵养水源、防风固沙、净化空气、防止水土流失、调节气候、美化环境等功能。保护区内的湿地可分解，吸收自然界中潜在的有害物资和滞留沉积物，还有涵养水源，调节水流、蓄水防洪、调节气候等功能。凤凰山保护区的丰富生物资源，反映了东北地区温带森林生态系统的本底，是重要的温带地区生物资源的基因库。只要加强科学管理，采取有效的保护措施，必将产生更大的生态效益。同时，也为野生动物提供了集中的集结地，丰富的食料、充足的水源、广阔的活动空间、隐蔽的生存条件、繁殖的良好环境，对更好地保护物种的多样性，特别是保护珍稀濒危物种的繁衍生息发展，其生态意义重大。\r\n\r\n　　（二）社会效益\r\n\r\n　　1、长期以来，由于经济活动频繁，不断扩大对自然资源的过渡利用，使生态环境不断恶化，自然灾害频繁发生，扬沙和沙尘暴天气不断增加，空气和水质严重的污染等，严重影响人们的生活和社会经济发展，这都可归咎于人们对自然环境保护重视不够，是破坏生态环境所产生的恶果。凤凰山自然保护区的建立，可加快生态环境建设与管理，保护现有的野生自然资源，逐步扩大野生种群数量，是功在当代，造福未来的千秋大业，必将产生巨大的社会效益。\r\n\r\n　　2、凤凰山自然保护区是科学研究的基地，具有良好的森林生态系统，动植物资源十分丰富，是森林、生态、动物、植物、昆虫、环境、水文、大气、地质、土土壤、气候的学科理想的天然实验室，为开展国际之间合作与交流，提供了天然实验平台。\r\n\r\n　　 （三）经济效益\r\n\r\n　　凤凰山自然保护区是综合性的保护区，保护区可通过发展旅游业，对名贵药材，稀有野生菌类，经济植物采取引种繁育及珍稀动物驯养，繁殖等研究工作，把科研和生产有机的结合起来，成功之后，可以以保护区为中心通过技术辐射，推广应用，必将产生重大的经济效益。\r\n\r\n　　通过以上具体实例和对凤凰山自然保护区的生态、社会、经济效益的评价，可使人们认识到保护区在国家经济建设和社会发展中的重要作用和价值。', '6', '2015-11-06 00:00:00');
INSERT INTO `forum` VALUES ('23', 'yy', '中国一定要建立自己的社会学理论', '中国社会学1979年3月恢复以来，取得了巨大的成就，但也存在一些问题。中国社会学没有自己的理论，就是一个严重的大问题。在当今世界社会学界，没有中国社会学流派，没有中国社会学思想，没有中国社会学大师。一个重要原因，就是中国社会学没有自己的理论。中国大学的社会学院系，不论给本科、硕士、博士，一般都不开设“社会学理论”课程。如果开课，就开“西方社会学理论”课程，少数也开设中国社会思想史课程。而美国大学社会学专业本科、硕士、博士都有不同层次的必修的“社会学理论”课程。\r\n\r\n　　中国社会学现在没有一本自己的“社会学理论”课程教材。从琅琅比价网可以看到，目前中国大陆有九种社会学理论教材，全部都是“西方社会学理论”教材，或者“国外社会学理论”教材。这些西方社会学理论教材，有的是“普通高等教育十五国家级规划教材”， 有的是“普通高等学校社会学专业主干课系列教材”，有的是“教育部高等学校社会学学科教学指导委员会推荐教材”。另外有三种书名包含“社会学理论”的教材，教材的内容属于“社会学概论”，不属于“社会学理论”。\r\n\r\n　　中国大陆《社会学概论》教材普遍没有“社会学理论”这一章。从琅琅比价网可以看到，目前中国大陆使用29种2004到2014年出版的《社会学概论》教材。其中，有26种，完全没有社会学理论或社会学思想的专章。有一种，第二章是“社会学理论”；有一种，第二章是“社会学思想的产生和发展”；有一种，第二章是“社会学的分析视角”，介绍社会学思想理论。而美国目前流行的十几种《社会学概论》教材，第二章一般都是“社会学理论”。\r\n\r\n　　目前中国社会学在理论上严重依附西方社会学特别是美国社会学。人类社会、亚洲社会、中国社会的过去、现在、将来是个什么样子，有什么规律，无论正确与否，美日欧社会学都有自己的理论。中国社会学现在没有理论，或者脑子里面有但不写出来，结果人家以为中国社会学没有理论。既然没有理论，那就得用西方特别是美国的社会学理论来研究中国、亚洲、世界。结果无论怎么研究，中国社会学在理论上都成了美国社会学的中国分支。现在，中国前所未有地靠近世界舞台中心。今年中国PPP总值已经超过美国。再有十年左右时间，中国GDP总值也要超过美国，重回世界第一。中国社会学没有自己的社会学理论，这与今天中国在世界上的地位极不相称。\r\n\r\n　　中国一定要尽快建立自己的社会学理论。要从课程设置上、思想倾向上、教材内容上，尽快建立中国自己的社会学理论。在目前体制下，教育部的作为，可以很快建立起中国自己的“社会学理论”这门学科。在课程设置上，教育部可以修改中国大学社会学专业的课程设置，无论社会学本科、硕士、博士课程设置，都可以把“社会学理论”课程定为必修课，把“西方社会学理论”变为选修课。教育部在“普通高等教育五年计划国家级规划教材”中，在“普通高等学校社会学专业主干课系列教材”中，在“教育部高等学校社会学学科教学指导委员会推荐教材”中，都可以加入“社会学理论”课程教材，可以去掉“西方社会学理论”课程教材。教育部可以要求26种目前没有社会学理论专章的《社会学概论》教材，在重印或修订再版的时候，加入“社会学理论”这一章。教育部可以要求十几个有博士点的社会学院系，各自立即着手编写本科生使用的《社会学理论》教材。万事开头难。丑媳妇也要见公婆。不管水平多么低，不管质量多么差，先把“社会学理论”课程开起来，先把“社会学理论”教材写起来，写完了就尽快出版，公开竞争，不怕不识货，就怕货比货，在教学和修订再版的过程中不断提高、不断完善。\r\n\r\n　　在思想倾向上，中国社会学理论，应该高举以马克思为源头的革命批判社会学的理论旗帜。当今世界的多种社会学理论，从思想倾向上，大体可以分为三类：以马克思为源头的革命批判社会学理论，以韦伯为源头的解释社会学理论，以迪尔凯姆为源头的实证社会学理论。革命批判社会学理论认为，1。研究社会学是为了改变、改革、改造、创造出一个更加美好的人类社会。2。人类社会是生产力、生产关系、经济基础、上层建筑、意识形态、历史创造者之间矛盾运动的产物，社会发展规律深藏在纷纭复杂的社会表象之下，人民创造历史，英雄带领人民创造历史。3。没有抽象的人，只有社会的、历史的、具体的人，正确的社会理论一旦为人民群众所掌握，就会变为能够移山填海的精神原子弹。4。很多所谓的社会常识都是错误的，社会学理论就是要破除众多的错误的社会常识。5。合格的社会学理论，要能够总结社会实践、客观描述社会现实、有助于人民群众建立更加美好的社会。6。各种不同的社会学理论当中，只有那个有助于人民群众建立更加美好社会的社会学理论，才是正确的社会学理论。用中国话说，就是能够经世致用的社会学理论，才是正确的社会学理论。7。能够打破错误的社会常识、打破不切实际的幻想的社会学证据，是建立社会学理论所需的合格证据。8。人是划分为阶级阶层的，社会学理论不同，社会学立场、观点、方法不同，对于同样的社会现实，代表不同阶级阶层利益的社会学家，可能得出不同的研究结论。李毅认为，解释社会学和实证社会学并非完全错误，但在这八个问题上，都不如革命批判社会学来得全面、来得深刻。中国自己的社会学理论，决不能言必称韦伯、言必称迪尔凯姆、言必称福柯，要立场坚定、旗帜鲜明，要高举革命批判社会学理论的旗帜。\r\n\r\n　　在内容上，中国社会学理论应该古为今用、洋为中用、推陈出新、自主创新，在源头上可以由三部分组成。第一部分，是中国两千多年古代社会学思想的精华部分，可以简单概括为：阳儒阴法，老子加孙子兵法。古代中国领先世界近两千年，很重要的一个原因就是中国有一个先进的社会思想体系。周公、老子、孔子、孙子、秦皇、汉武、司马迁，儒法两家，都有光辉的社会学思想。第二部分，是1840年以来的中国社会学思想理论，从洪秀全、康有为、严复、孙中山，到院校社会学、乡村建设社会学、革命社会学，其精华的代表是毛泽东社会思想。第三部分，是当今美日欧发达国家社会学理论的精华部分，以马克思的唯物史观和沃勒斯坦的世界体系论为代表。\r\n\r\n　　当今中国社会学，坚持中国传统精华的一派，坚持中国革命传统的一派，坚持当今西方精华的一派，各自坚持，缺乏整合。李毅认为，可以用毛泽东社会学思想为纲，把这三部分有机整合起来。毛泽东社会思想，创造性地批判、继承、捍卫、和发展了周公、老子、孔子、孙子、秦皇、汉武、司马迁为代表的中国社会思想传统的精华；创造性地批判、继承、捍卫、和发展了以马克思的唯物史观为代表的现代西方社会思想传统的精华，继往开来，古为今用，洋为中用，自主创新，把中国社会思想传统与现代社会的发达生产力和先进思想相结合，把中国社会思想推进到了一个崭新的阶段，为中国重回世界第一并长期保持世界第一奠定了坚实的社会思想基础。邓小平理论、科学发展观、习近平治国理政论述，都是毛泽东思想的继承和发展。\r\n\r\n　　在毛泽东社会思想的诸多光辉中，有两个至为重要。一个是社会实践理论，一个是三个世界划分理论。《实践论》和《人的正确思想是从哪里来的?》，全面反映了毛泽东的社会实践理论。毛泽东特别强调实事求是。中国古代社会认识论的精髓就是实事求是，这与以史为教是一脉相承的。《汉书·河间献王（刘德）传》就提到“修学好古, 实事求是。”毛泽东寄居岳麓书院时，岳麓书院就有“实事求是”这块匾额。实事求是，就要反对教条主义。中国总值要重回世界第一并长期保持世界第一，中国自己的社会学理论体系，要以当今中国的社会实践为基础，要以秦皇汉武以来中国的社会实践为基础，要以五百年来大国兴衰的社会实践为基础，古为今用，洋为中用，自主创新，实事求是，实践检验，反复实践，反复检验。一切为我所用，反对一切教条，包括所谓的普世价值。战略思维，历史思维，辩证思维，创新思维，底线思维，毛泽东都是大师。\r\n\r\n　　理论是枯萎的,生命之树常青。中国自己的社会学理论，要在竞赛、争鸣、竞争中，产生中国理论、中国学派、中国大师。国内有博士点的十几个社会学院系，可以先各自编写出版一本“社会学理论”教材，十几朵花齐放，十几家争鸣。要尽快与国际同行接轨、争鸣、竞赛、竞争。要从当今中国、当今世界的理论竞争中，百花齐放，百家争鸣，自主创新。在任何事情上，美日欧出于各自的国家利益，都有自己的说法。中国出于自己的国家利益，也自然有自己的说法。中国要敢于为全世界大多数人民说话，要敢于说实话，要敢于为世界上被压迫、被剥削、被侮辱的人说话，要仗义执言，要言人所不敢言。如果这样做，自然而然，中国的社会学理论，就在世界上站立起来了。\r\n\r\n　　中国社会学理论要为当今世界三分之二的穷人说话，要有国际社会学这个分支。当今世界大约70亿人。中国现在接近14亿人。美日欧等发达社会有不到15亿人，日子比中国过得好。但是还有40多亿人，生活大体上不如中国。不如中国的这40多亿人，有些如印度的12亿多人，人均产值现在不到中国的三分之一，也有的如墨西哥，虽然人均产值比中国高一倍，但由于不搞社会主义、在国际上不能独立自主，多数群众的实际生活水平还不如中国。今天中国近14亿人当中，多数也不富裕，2013年中国城镇居民人均可支配收入26955元，一个月两千来元，2013年中国农村居民人均纯收入8896元，一个月还不到一千元。中国社会学理论，要努力夺回中国在世界上的话语权。三十多年前，中国在世界上有一套完整的说法：国家要独立，民族要解放，人民要革命，是当时人类社会发展的潮流，帝国主义、殖民主义、霸权主义，日薄西山、气息奄奄，中国支持第三世界国家一切反帝、反殖、反霸的正义斗争，得道多助，失道寡助，弱国可以打败强国，小国可以打败大国，帝国主义、殖民主义、霸权主义必然灭亡，世界人民必然胜利。在联合国，中国代表的发言，经常引来多数代表长时间热烈鼓掌，风头大大压倒美苏，的确是我们的朋友遍天下。二、三十年来，中国在世界上说话不多，现在看来吃亏了。你不说话，主动放弃话语权，别人并不认为你是哑巴，而是认为你干了坏事、心虚，所以不敢讲话。长期没有话语权，别人都忘了你的存在，朋友就越来越少。以至于，美日欧有些人，居然拿普世价值的说法围攻中国。几百年来，帝国主义、殖民主义、霸权主义，不合理的国际政治经济旧秩序，惨无人道，罪恶累累，罄竹难书，哪里来的普世价值？1840年以来，1949年以来，中国人民奋起革命，奋起发展，奋勇崛起，牺牲巨大，成果辉煌，何罪之有？有什么输理的地方？当今世界人口三分之二以上的穷人，何罪之有？有什么输理的地方？中国社会学理论的国际社会学分支，要把中国在世界上失去的话语权夺回来，要为世界上三分之二的穷人撑腰，要努力再造我们的朋友遍天下的格局。\r\n\r\n　　简而言之，在65年艰苦卓绝、顽强奋进的基础上，中国前所未有地靠近世界舞台中心。中国社会学现在没有自己的理论，与今天中国的国力极不相称。因为没有自己的社会学理论，中国社会学在理论上成了西方社会学的分支。中国应该从课程设置、思想倾向、教材内容上 尽快建立中国自己的社会学理论。在思想倾向上，中国社会学理论应该高举以马克思为源头的革命批判社会学的理论旗帜。在内容上，中国社会学理论，应该以毛泽东社会思想为纲，有机整合中国古代社会思想精华、中国革命社会学理论传统、西方社会学理论精华这三大理论源头。中国社会学理论，要为占当今世界人口三分之二以上的穷人说话，要努力夺回中国在世界上的话语权。　　 \r\n\r\n　　《社会学理论》教材  1997---2014\r\n\r\n　　1．侯钧生，《西方社会学理论教程(第3版) 》，南开大学出版社，2010年。\r\n\r\n　　2．杨善华 谢立中，《西方社会学理论(上、下)(普通高等教育十五国家级规划教材)》，北京大学出版社，2006年。\r\n\r\n　　3．刘少杰，《国外社会学理论(普通高等学校社会学专业主干课系列教材)》，高等教育出版社，2012。\r\n\r\n　　4．刘少杰 主编，《当代国外社会学理论(教育部高等学校社会学学科教学指导委员会推荐教材)》，中国人民大学出版社，2009年。\r\n\r\n　　5．刘少杰，《后现代西方社会学理论(第2版)》， 北京大学出版社，2014年。\r\n\r\n　　6．宋林飞，《西方社会学理论》，南京大学出版社，1997年。\r\n\r\n　　7．文军，《西方社会学理论:经典传统与当代转向》，上海人民出版社，2006年。\r\n\r\n　　8．黎民、张小山，《西方社会学理论》，华中科技大学出版社，2005年。\r\n\r\n　　9．庞文,孙影娟,奚海燕，《西方社会学理论概要》，东北林业大学出版社，2011年。\r\n\r\n　　是《社会学概论》，不是《社会学理论》\r\n\r\n　　1．童星，《现代社会学理论新编》，南京大学出版社，2003年。\r\n\r\n　　2．庞树奇,范明林 主编，《普通社会学理论》，上海大学出版社，2011年。\r\n\r\n　　3．吴忠民，《社会学理论研究(中共中央党校研究生教材)》，中共中央党校出版社，2011年。\r\n\r\n　　《社会学概论》教材  2004---2014\r\n\r\n　　1．郑杭生(编者)，中国人民大学出版社，2009年。\r\n\r\n　　2．李芹 著，山东大学出版社，2012年。\r\n\r\n　　3．彭华民,杨心恒 主编，高等教育出版社，2010年 。\r\n\r\n　　4．《社会学概论》编写组 编，人民出版社，2011年。\r\n\r\n　　5．国试书业策划 组编，中华工商联合出版社，2010年 。\r\n\r\n　　6．李毅 著，暨南大学出版社，2011年。/ 第二章 社会学理论\r\n\r\n　　7．徐祥运,刘杰，东北财经大学出版社，2011年。\r\n\r\n　　8．胡荣，高等教育出版社，2009年。\r\n\r\n　　9．张友琴,童敏,欧阳马田，科学出版社，2014年。\r\n\r\n　　10．刘豪兴，高等教育出版社，2009年。\r\n\r\n　　11．肖萍，天津大学出版社，2008年。/ 第二章 社会学的分析视角\r\n\r\n　　12．郑茂良 主编，经济科学出版社，2006年。\r\n\r\n　　13．边燕杰,陈皆明，高等教育出版社，2013年。\r\n\r\n　　14．方青，安徽大学出版社，2005年。\r\n\r\n　　15．高燕,孙其昂 主编，河海大学出版社，2011年。\r\n\r\n　　16．韦克难 杨博文 李学林，四川人民出版社，2006年。\r\n\r\n　　17．张咏梅 宋超英 出版社，兰州大学出版社，2007年。\r\n\r\n　　18．李宁 主编，安徽人民出版社，2007年\r\n\r\n　　19．黄宗凯,赵绍成 主编，西南交通大学出版社，2009年。\r\n\r\n　　20．应星 主编，中央广播电视大学出版社，2011年。\r\n\r\n　　21．钟玉英 主编，华南理工大学出版社，2011年。\r\n\r\n　　22．于凤春,刘邦凡 主编，中国铁道出版社，2011年。\r\n\r\n　　23．肖云忠 主编，清华大学出版社，2012年。\r\n\r\n24．周方遒，科学出版社，2012年。\r\n\r\n　　25．王正中 (编者)，南京大学出版社，2013年。\r\n\r\n　　26．陆小媛,杨少曼,孟凯旋,林海彬，清华大学出版社，2013年。\r\n\r\n　　27．范宇竹，中央广播电视大学出版社，2012年。\r\n\r\n　　28．陈玥(编者),唐靖(编者)，西南交通大学出版社，2014年。\r\n\r\n　　29．吕世辰,蒋美华，高等教育出版社，2014。/第二章 社会学思想的产生和发展。', '6', '2015-11-06 00:00:00');
INSERT INTO `forum` VALUES ('24', 'kily', '城乡收入差距扩大的不利影响及对策', '【论文摘要】近年来，我国城乡收入差距呈现出扩大趋势，这已成为社会敏感问题之一，严重影响着和谐社会的构建，影响着人民整体迈向小康社会的步伐，甚至影响着中国的国际地位。城乡收入差距过大不仅不利于和谐社会的构建，而且与党在十七大倡导的改革发展成果的公平分享相冲突。从我国目前城乡收入扩大的现状及造成的原因来看，缓解和缩小城乡收入差距就必须要营造公平的竞争环境、就业环境、分配环境、国民教育环境、扶贫助困环境等。\r\n\r\n　　【论文关键词】城乡收入差距 不利影响 对策\r\n\r\n　　一、城乡居民收入差距扩大的现状及不利影响\r\n\r\n　　1、城乡居民收入差距的现状\r\n\r\n　　（1）全国基尼系数快速扩大。我国目前的基尼系数为0.458，已经超过了国际公认的0.4的警戒线，进入了分配不公平的区间。如果考虑我国社会城乡二元分割的因素，再加上隐性收入、灰色收入、非法收入等因素，我国实际的基尼系数可能已经超过0.5。\r\n\r\n　　（2）城乡居民收入分配差距快速扩大。1978—2007年，城乡居民绝对差距由209.7元增加到9645.4元，年均增325.4元；相对差距由2.57∶1增加到3.33∶1，年均增3%。如果把农民用于生产的费用和城镇居民享受的福利也考虑进来，城乡居民的实际收入差距为6∶1。\r\n\r\n　　（3）在缩小城乡居民收入差距方面政策效果不明显。改革开放以来，党和政府一直十分关注“三农”问题和城乡差距问题，2002—2007年，中央财政加大对农业农村投入，用于“三农”的支出累计1.6万亿元。2006年在全国范围内取消了农业税和农业特产税，2007年在全国农村免除义务教育阶段的学杂费，惠及1.5亿农村中小学家庭，这些政策在减缓城乡居民收入差距扩大上起到了较显著的作用。但是，由于这些政策具有暂时性、不稳定性，加上我国收入分配制度存在的内在缺陷，导致政策效果并不明显。\r\n\r\n　　2、城乡居民收入差距扩大产生的不利影响\r\n\r\n　　（1）由于农村居民收入水平偏低，许多农村居民因为得不到与其贡献相应的报酬而使劳动力由农村向城镇流动，导致部分耕地闲置，农村基础设施建设缺位，不利于我国农业经济的发展。少数农村居民为了快速摆脱贫困，不惜以身试法，走上了违法犯罪道路，影响社会稳定，败坏了社会风气。\r\n\r\n　　（2）长期存在的城乡居民收入差距扩大的趋势使得农民怨声载道，直接影响了农民生产的积极性，不利于农业生产的发展和农产品供给的稳定增长，易引起社会不安，增加投资者的心理成本；降低农村居民劳动的积极性；不利于资源有效地配置和提高劳动生产率。\r\n\r\n　　（3）形成马太效应，富者越富、贫者越贫。城乡居民收入差距扩大，使农村居民地位更低、机会更少，其人力资源不仅得不到应有开发，甚至出现相对和绝对地萎缩。而由此导致农村居民产生消费性紧缩倾向，不利于促进农村经济发展，从而影响我国经济全面、协调、可持续发展。二、缩小城乡居民收入差距的意义\r\n\r\n　　 1、缩小城乡居民收入差距是社会主义共同富裕与和谐社会的本质要求\r\n\r\n　　目前，我国还没有形成真正的共享社会发展的局面，社会成员之间还存在较大的收入差距，有80%多的人还处于中低收入水平，要使广大群众普遍享受经济社会发展成果、逐步迈向共同富裕，必然要求我们缩小城乡居民收入差距。\r\n\r\n　　 2、缩小城乡居民收入差距有利于为经济持续增长提供不竭动力\r\n\r\n　　消费需求是拉动经济增长的最终力量，缩小城乡居民收入差距会提高农村居民的收入水平，而农村居民收入水平的提高必将刺激消费、拉动内需、推动经济持续发展。有统计表明，消费平均每增加1%，GDP就会相应平均增加0.755%。缩小城乡居民收入差距、提高农村居民收入水平，必将增强消费者的购买力，拉动经济快速增长，有利于摆脱受制于人的危险和陷入拉美经济发展的老路。\r\n\r\n　　3、缩小城乡居民收入差距有利于维护社会稳定\r\n\r\n　　城乡收入差距的扩大打破了人们的心理平衡，加剧了社会各阶层的利益矛盾，尤其造成了低收入者严重的不满情绪。据调查显示，农村居民中63%的人对目前的生存状态不满意，而不满意的人中有55%是因为其经济收入处于社会底层。这么庞大的群体认为收入低下造成了自己生活的不如意，必然会带来诸多社会矛盾。只有缩小城乡居民收入差距，提高农村居民收入水平，才能维护社会稳定。\r\n\r\n　　三、缩小城乡收入差距提高农民收入的对策\r\n　　1、逐步打破行业垄断，营造公平的竞争环境\r\n\r\n　　市场经济强调公平竞争，为此必须逐步打破导致机会不平等的垄断体制，建立平等公开的、市场竞争的收入分配秩序。加快对部分垄断行业的市场化改革，打破垄断，消除市场进入歧视，创造平等、公平的市场参与环境，加强对垄断性高收人的调节和监管，规范国有资本收益收缴办法，强化收入分配的产权约束。\r\n\r\n　　2、扩大就业与鼓励创业，创造优惠的就业环境\r\n\r\n　　完全开放劳动力市场，彻底改革现有城乡分割的户籍管理制度，是控制和缩小城乡居民收入差距的有效途径。统筹城乡劳动力就业，取消限制农民工进城的不合理规定，取消针对农民的不合理和不合法费用，整治恶意拖欠、克扣农民工工资问题。在当前经济增长难以提供就业岗位的情况下，加大政府投入，把提高就业率作为宏观调控的重要目标，大力支持非公有制经济、中小企业和第三产业的发展，在实施积极财政政策的过程中，向能够兼顾效率、扩大就业的工程项目倾斜，以便为失业者和再就业者提供更多的就业机会。　3、进行收入分配制度改革，打造合理的分配环境\r\n\r\n　　解决居民收入差距的关键在于提高中低收入阶层的收入水平。党的十七大指出，要“保护合法收入，调节过高收入，取缔非法收入”。在现阶段，建立与社会主义市场经济相配套的收入分配和再分配体系，应实行较为适度的收入再分配政策，适应市场经济的发展，实现社会经济的可持续发展。当前，逐步减小贫富差距就是要尽快形成一种机会均等、公平竞争的环境，以保障相对公平的竞争结果的实现。\r\n\r\n　　4、提高农村劳动力的素质\r\n\r\n　　经济发展的实践表明，劳动力素质及科学教育发展水平的高低是影响投资收益大小的决定因素，也是提高农村居民收入和缩小城乡居民收入差距的根本性因素。在大力普及基础教育、提高农村居民整体文化素质的同时，要大力加强职业技术教育，尤其是中等职业技术教育，增加职业技术教育投入，推行普遍职业技术教育制度，提高劳动力的科学文化素质和技能；造就有利于人才成长和发展的社会环境，制定优惠的人才政策，稳定包括教师、科研人员等各种人才队伍，同时积极吸引城市人才到农村去。\r\n\r\n　　 5、加快调整财政支出结构，加大对农民和贫困者的扶持力度，增加社会保障支出\r\n\r\n　　首先要提高农民、农民工和城镇居民下岗失业人员、低保人员的收入和社保水平。其次要尽可能依法取缔和杜绝非法收入，进一步完善社会主义市场经济体制，堵塞体制上的漏洞，加大惩治腐败的力度。依法保护合法收入，打击非法收入，清理整顿不合理收入，调节收入差距，形成公平有序的分配秩序。\r\n\r\n　　【参考文献】\r\n\r\n　　 徐志辉：浅析目前我国的收入分配差距及其发展趋势[J].法制与社会，2008（6）.\r\n\r\n　　 中华人民共和国国家统计局：中国统计年鉴2008[Z].北京：中国统计出版社，2008.\r\n\r\n　　 刘波、于建春、陈芳：我国城乡收入差距扩大的原因及对策[J].经济研究导刊，2008（7）.\r\n\r\n　　 王云珠：扩大居民消费需求、保持经济稳定增长[J].晋阳学刊，2004（2）.\r\n\r\n　　 李世杰：较大幅度提高中的阶层收入是保持发展和稳定的最佳政策选择[J].经济界，2004（3）.\r\n\r\n　　 赵亚静：试论城乡居民收入差距扩大的原因与对策[J].内蒙古民族大学学报，2008（9）.\r\n\r\n　　 赵全厚、马洪范：和谐社会目标下的收人分配调整及财税对策[J].中国金融，2005（4）.', '6', '2015-11-06 00:00:00');
INSERT INTO `forum` VALUES ('25', 'www', '关于“人类依水而居策略”的提纲', '水是生命之源，自然界中的许多动物和早期的人类都是逐水而居的。习惯上，我们对人烟聚集之地称之为“市井”，其实，这“市井”的根本落脚点还在这“井”字上。由于自古以来人类对水的绝对依赖，靠水而居，自从有了井，有井水的地方就成了吸引人的地方。天长日久，就形成了“市”。张光直先生认为：“古人未有市，若朝聚井汲，便将货物于井边卖，古言市井也。”显然，淡水是人类生存和社会形成发展的根基所在，没有可利用的水，就不会有任何文明。\r\n\r\n　　自然界的淡水资源主要来源于三个途径。即降水、地表水（江河及湖泊）和地下水。全球每年降水量约合11．9万立方千米，其中只有4．7万立方千米降水中的约 30％成为地下水，70％则通过地表流入江、湖和海洋，能较稳定的被人们利用的水大约只有1．4万立方千米。\r\n\r\n　　目前许多地区的居民是严重依赖地下水生活的，他们散居在各个地方，就地打一眼电机井等就可以满足生活用水甚至是农田菜园灌溉用水；另外，许多浴池、洗车店、宾馆酒店、高尔夫球场、浇灌花草树木、人造蓄水池、抽水马桶、建筑工地以及一些工厂矿区等都大量使用地下水。随着人口的增长和生产的发展，采取地下水的量越来越大，而地下水的自然补充和恢复又跟不上，如此入不敷出，天长日久就形成一个地下水面以城市和工矿区为中心，中间深，四周浅的大漏斗。\r\n\r\n　　早年井水离地面不过两三米的地方，如今有的地方井深60米也不见水了。通常大气压强只能支撑起10米左右的水柱，如果上传上来的最高地下水面离地面10米有时甚至只是七八米深时，利用大气压强工作的手压井或电机井就可能无法把地下水抽到地面上来，也许会引发亿万民众的用水危机！这时人们可以把抽水电机向下坐的更深一些，或使用手动拉丝井等获取更深处的地下水，或许可以暂时缓解用水困难。但是，人类必须要高度重视地下水越来越少的严峻现实，因为这是会直接影响到亿万民众的基本生存生活的严重问题！地球地表像海绵一样亿万年浸润蓄积的充沛的地下水，竟然可能会被人类在短短的千百年时间内消耗殆尽。随着地下水的减少，许多沟塘出现了干涸的现象，沟底长满通常生长在地面上的野草，可能是与由于温室效应及自然界的不良水循环状况而导致的许多地区气候变得较干旱少雨有关，或者是由于地下水缺乏导致沟水渗漏加剧造成的！更严重的是，超量开采地下水，还可能造成地面沉降、塌陷，建筑物开裂、倾斜，影响安全。目前，华北平原在14万多平方公里的区域上，形成了7万平方公里的大漏斗。另外，许多工农业生产和日常生活中对地表、地下水资源造成污染的现象层出不穷，更是使本来就较为有限的水资源显得尤为宝贵。 \r\n\r\n　　一、地下水大地海绵理论\r\n\r\n　　二、深挖湖、广蓄水——千湖万渠计划\r\n\r\n　　三、超大规模海水淡化，常规地表水、一些非净水、污染水及苦、咸水等的净化与相应输水设施、生产生活配套设施建设系统工程\r\n\r\n　　四、适时适度向海、江、河、湖等趋水迁徙的长期策略\r\n\r\n　　五、开源、节流、保护、利用，加强饮用水管输化、物流化、商品化，大力防治水体污染，珍惜水资源\r\n\r\n　　六、扩大地表水面积及植被面积保持水土，改善自然界的水循环状况，涵养生态系统，控减人口数量实现可持续发展', '6', '2015-11-06 00:00:00');
INSERT INTO `forum` VALUES ('26', 'www', '童年', '一 \r\n我来到人世间，春夏秋冬已交替17个年头，但那段金色的记忆依然尤存，那就是童年。也许是上帝给我的恩赐，也可以说是补偿，刚满月不久的我就被送到外婆家。可我喜欢这样的安排，有失必有得嘛，虽不能生活在父母身边，但我、大表姐、二表姐、表哥、表弟五个小不点在一起,让我拥有了一个天真浪漫的童年。 \r\n童年的生活自然非常热闹。五个小不点都是外婆一手拉扯大的,可想而知,外婆为我们付出了艰辛,但我们一点也不懂事,给外婆带来不少麻烦。记忆中，我曾问过被爸爸、舅舅们封为“托儿所所长”的外婆：“小时候，我们五个小不点你是怎么照顾得过来的？您曾烦过吗？”外婆笑着说：“傻孩子，外婆高兴还来不及，怎么可能会厌烦？不过，姐弟当中你最调皮！记得有一次，你表弟哭了，我连忙抱起来哄他，没等你表弟哭完，你也跟着哭，你们俩一个哭得比一个起劲，好像在比赛，这倒算不了什么。不知是哄了不哭了，还是哭累了。哭声停了，可你的嗓子哑得一句话也说不出来，只好带你去找医生，看完病麻烦又来了，无论我用什么方法，你就是不愿意吃药。最后，终于在大表姐、二表姐连哄带骗下吃了药……” \r\n童年是温暖的，充满了温馨！ \r\n\r\n二 \r\n\r\n在五个表姐弟当中，我和表弟是最贪吃的，家里有什么好吃的都不会逃过我的法眼，表弟的灵鼻，可东西每次不是放在外婆的衣柜里就是在床底下，一点也不刺激！这不，刺激的在后头呢！ \r\n记得那天，阳光明媚，田野上，我们追逐着，打闹着，突然我的法眼一亮，看见前面有一块绿油油的玉米地，见到成熟的玉米，真让人忍不住上去咬一口。“表弟，你的灵鼻闻到什么了？”“玉米的清香味，那……好香啊！”表弟边说边用舌头舔嘴唇。“你的法眼看到什么了”“光滑细嫩，好香好嫩的玉米……”“看你们俩的馋相，只差没有立即把玉米掰下来啃了,真是个好吃头。”姐弟俩一唱一和,大表姐见我们如此,在一旁笑话我们。“唉，大姐你可别这么说，说不定他们俩真会这样！”表哥应和道，“好了，好了，看你们俩的口水都滴到脚面上了,鞋子都湿了。想吃烤玉米，还不快动手！”一说完，大家便忙开了，表弟和我掰玉米，表哥挖洞，大表姐搭小棚，二表姐生火……,表弟又从外婆家找来了一把破扇子递给我说:“快，扇扇子，火力不够！”“好嘞！我扇，我扇，我扇扇”“兔崽子，看准点，你往哪儿扇！”二表姐叫道。一抬头，忍不住大笑起来。“大姐你的脸，哈哈，整个大花脸，这……这还是脸吗？我笑道。“你还敢笑，看我不打你……”“你来呀，来呀……”我朝大表姐扮了一个鬼脸，马上开溜！“喂，玉米好了，你们再不来，我们可要全吃了！”“这……这怎么行，我的那份要留下……救命呀！大表姐饶了我吧！我下次不敢了……”“哈……”吃着烤熟的玉米,虽有点糊,但五个小不点坐在田埂上吃得有滋有味,相互望望大花脸,个个笑得合不拢嘴,别提有多开心了。 \r\n童年是快乐的,充满了欢乐！ \r\n\r\n三 \r\n那时候，我们总喜欢一起踏着单车飞快地穿过人群，风在身后扯着我们的头发，享受着风的凉爽和飞的刺激，却不知大把大把的快乐时光顺着飞扬的发丝和衣角溜到身后，头也不回。 \r\n为什么人总是在美好事物快要失去的时候才知道珍惜。 \r\n那天，云淡风清，这也是我们姐弟五个小不点共同生活的最后一天，因为我到了上学的年龄，爸爸妈妈要接我回家了，心中有无数的无奈和不舍。那天，姐弟并肩躺在草地上，尽情舒展情感，呼吸着青草的气息，静静的看着蓝蓝的天，没有谁愿意打碎这种寂静。只是，他们未注意到，从我眼角滑落了一滴泪，藏了一天，最终淹没在草丛中…… \r\n一天就这样度过了，那么的平静，静的不留一丝痕迹，我还末来得及去抓，已从指缝间悄悄逝去。第二天，我快要走了，他们拉着我让我别走，面对他们期待的双眼，我能做的只有和他们抱在一起，希望在最后我还能感觉一下，我们五个小不点之间纯朴的亲情。 \r\n最终，我还是走了，临走之前他们什么也没说，只是每个人塞了一张纸条给我，让我上车再看。车开动的时候，我默默的趴在窗口，他们拼命地跟着车子跑，跑了好长时间直到表弟摔了一跤，他们才放弃，才知道我的离别己注定，才知道他们没有办法也不可能再挽回我，而我给他们的答案也只能是无奈的泪水。 \r\n迫不及待的打开纸条，第一张是表哥的“小妹，一定要改掉贪吃的坏毛病呀！”第二张是二表姐的“小妹，生病了一定要吃药呀！”第三张是表弟的“姐姐，明年的今天我们还一起烤玉米吃，别忘了，一定要来呀！”最后一张是大表姐的“晚上睡觉不要再蹬被子了，小心着凉……”泪水再次漫出眼眶。 \r\n童年是纯洁的，充满了亲情。 \r\n窗外的雨还在不停的下，一阵风吹来，我的心还很冷，这才知道回忆是有毒的，它会让我们的神经变得脆弱，可飞鸿踏雪，岁月无痕，许多年的故事，许多年的情怀，伴随我一生的只有那心底不时泛起的往事涟漪。', '2', '2015-11-06 00:00:00');
INSERT INTO `forum` VALUES ('27', 'www', '谈生命', '我不敢说生命是什么，我只能说生命像什么。 \r\n生命像向东流的一江春水，他从最高处发源，冰雪是他的前身。他聚集起许多细流，合成一股有力的洪涛，向下奔注，他曲折的穿过了悬崖峭壁，冲倒了层沙积土，挟卷着滚滚的沙石，快乐勇敢地流走，一路上他享受着他所遭遇的一切： \r\n有时候他遇到巉岩前阻，他愤激地奔腾了起来，怒吼着，回旋着，前波后浪的起伏催逼，直到他过了，冲倒了这危崖他才心平气和的一泻千里。有时候他经过了细细的平沙，斜阳芳草里，看见了夹岸红艳的桃花，他快乐而又羞怯，静静地流着，低低的吟唱着，轻轻地度过这一段浪漫的行程。 \r\n有时候他遇到暴风雨，这激电，这迅雷，使他心魂惊骇，疾风吹卷起他，大雨击打着他，他暂时浑浊了，扰乱了，而雨过天晴，只加给他许多新生的力量。 \r\n有时候他遇到了晚霞和新月，向他照耀，向他投影，清冷中带些幽幽的温暖：这时他只想憩息，只想睡眠，而那股前进的力量，仍催逼着他向前走…… \r\n终于有一天，他远远地望见了大海，呵！他已到了行程的终结，这大海，使他屏息，使他低头，她多么辽阔，多么伟大！多么光明，又多么黑暗！大海庄严的伸出臂儿来接引他，他一声不响地流入她的怀里。他消融了，归化了，说不上快乐，也不有悲哀！ \r\n也许有一天，他再从海上蓬蓬地雨点中升起，飞向西来，再形成一道江流，再冲倒两旁的石壁，再来寻夹岸的桃花。然而我不敢说来生，也不敢相信来生！ \r\n生命又像一颗小树，他从地底聚集起许多生力，在冰雪下欠伸，在早春润湿的泥土中，勇敢快乐的破壳出来。他也许长在平原上，岩石上，城墙上，只要他抬头看见了天，呵！看见了天！他便伸出嫩叶来吸收空气，承受阳光，在雨中吟唱，在风中跳舞。 \r\n他也许受着大树的荫遮，也许受着大树的覆压，而他青春生长的力量，终使他穿枝拂叶的挣脱了出来，在烈日下挺立抬头！他遇着骄奢的春天，他也许开出满树的繁花，蜂蝶围绕着他飘翔喧闹，小鸟在他枝头欣赏唱歌，他会听见黄莺清吟，杜鹃啼血，也许还听见枭鸟的怪鸣。 \r\n他长到最茂盛的中年，他伸展出他如盖的浓荫，来荫庇树下的幽花芳草，他结出累累的果实，来呈现大地无尽的甜美与芳馨。秋风起了，将他叶子，由浓绿吹到绯红，秋阳下他再有一番的庄严灿烂，不是开花的骄傲，也不是结果的快乐，而是成功后的宁静和怡悦！ \r\n终于有一天，冬天的朔风把他的黄叶干枝，卷落吹抖，他无力的在空中旋舞，在根下呻吟，大地庄严的伸出臂儿来接引他，他一声不响的落在她的怀里。他消融了，归化了，他说不上快乐，也没有悲哀！ \r\n也许有一天，他再从地下的果仁中，破裂了出来。又长成一棵小树，再穿过丛莽的严遮，再来听黄莺的歌唱，然而我不敢说来生，也不敢信来生。 \r\n宇宙是个大生命，我们是宇宙大气中之一息。江流入海，叶落归根，我们是大生命中之一叶，大生命中之一滴。在宇宙的大生命中，我们是多么卑微，多么渺小，而一滴一叶的活动生长合成了整个宇宙的进化运行。要记住：不是每一道江流都能入海，不流动的便成了死湖；不是每一粒种子都能成树，不生长的便成了空壳！生命中不是永远快乐，也不是永远痛苦，快乐和痛苦是相生相成的。等于水道要经过不同的两岸，树木要经过常变的四时。在快乐中我们要感谢生命，在痛苦中我们也要感谢生命。快乐固然兴奋，苦痛又何尝不美丽？我曾读到一个警句，它说“愿你生命中有够多的云翳，来造成一个美丽的黄昏”。 ', '2', '2015-11-06 00:00:00');
INSERT INTO `forum` VALUES ('28', 'kkk', '我的世界真孤寂', '孤寂，多么忧伤而无奈的字眼，宛若一盏昏黄的灯，点亮悲伤的情愫。我的世界，孤寂而悲凉。 \r\n窗外凛冽地寒风呼啸着吹过，叶片全部凋零的树枝抽打着玻璃，空无一人的房间显得寂寞至极。心脏痛地难受，孤独的感觉压迫、刺激着每一根敏感的神经。 \r\n踮起脚向窗外望去，渴望找到一点温暖。凝视良久，又失望地将目光转回房间：马路上匆匆驶过的车辆；匆匆走过的陌生人；匆匆离开大树的落叶，在阴沉的天气中静默。何来温暖？有的，不过是匆匆的寂寥罢了。 \r\n房间的颜色是病态的苍白，苍白的墙壁、苍白的天花板、苍白的卧床被褥、苍白孤单的人儿。好想打开那扇紧锁的门，逃离这样孤苦伶仃的空间。只是努力过了，依旧没有结果。 \r\n多想要一点点色彩，哪怕只有一点点，也要装点自己孤寂的世界。 \r\n也许你会想：一个十二岁的孩子，怎么会有这般心情？沉默当做回答：心累了，世界，自然会无言而孤独。 \r\n心怎么会累？你也许会接着问。张张嘴，无声地答道：“只是秋天的感伤，生活的无奈，学业的繁重……这一切一切重担，加起来的重量使身子疲乏，使心灵劳累。” \r\n那个世界，是心灵。锁住的“人”，是梦想。梦想当作家；梦想画漫画；梦想游遍千山万水；梦想尝遍酸甜苦辣……怎奈何，一身担子放也放不下。 \r\n无言独上西楼/月如钩/寂寞梧桐深院锁清秋/剪不断 /理还乱/是离愁/别有一番滋味在心头…… \r\n词中最爱这首《相见欢》，断断续续的忧伤，缠绵哀婉的语言，用墨色勾勒出一幅令人肝肠寸断的图景。 \r\n窗外冷雨纷纷，屋内哀伤弥散。长长地一声轻叹道出心中的烦恼。 \r\n一阵急促的铃声响起，我应了一声：“来了”，急急忙忙起身，拧开房门走了出去。低声喃喃：“该去上学了”。再见，世界……孤寂的，世界……反锁上房门，将它隐于内心，不希望别人看到。 \r\n现实的窗外，秋风萧瑟，只是，午后的阳光正好。 ', '2', '2015-11-06 00:00:00');
INSERT INTO `forum` VALUES ('29', 'lxn', '师说', '古之学者必有师。师者，所以传道受（授）业解惑也。人非生而知之者，孰能无惑？惑而不从师，其为惑也，终不解矣。生乎吾前，其闻道也固先乎吾，吾从而师之；生乎吾后，其闻道也亦先乎吾，吾从而师之。吾师道也，夫庸知其年之先后生于吾乎？是故无贵无贱，无长无少，道之所存，师之所存也。\r\n\r\n嗟乎！师道之不传也久矣！欲人之无惑也难矣！古之圣人，其出人也远矣，犹且从师而问焉；今之众人，其下圣人也亦远矣，而耻学于师。是故圣益圣，愚益愚。圣人之所以为圣，愚人之所以为愚，其皆出于此乎？爱其子，择师而教之；于其身也，则耻师焉，惑矣。彼童子之师，授之书而习其句读（dòu）者，非吾所谓传其道解其惑者也。句读之不知，惑之不解，或师焉，或不(fǒu)焉，小学而大遗，吾未见其明也。巫医乐师百工之人，不耻相师。士大夫之族，曰师曰弟子云者，则群聚而笑之。问之，则曰：“彼与彼年相若也，道相似也，位卑则足羞，官盛则近谀。”呜呼！师道之不复，可知矣。巫医乐师百工之人，君子不齿，今其智乃反不能及，其可怪也欤！\r\n\r\n圣人无常师。孔子师郯(tán)子、苌(cháng)弘、师襄、老聃(dàn)。郯子之徒，其\r\n\r\n贤不及孔子。孔子曰：三人行，则必有我师。是故弟子不必不如师，师不必贤于弟子，闻道有先后，术业有专攻，如是而已。\r\n\r\n李氏子蟠，年十七，好古文，六艺经传皆通习之，不拘于时，学于余。余嘉其能行古道，作《师说》以贻之。', '7', '2015-11-06 00:00:00');
INSERT INTO `forum` VALUES ('30', 'mm', '鱼我所欲也', '鱼，我所欲也，熊掌，亦我所欲也，二者不可得兼，舍鱼而取熊掌者也。生，亦我所欲也，义，亦我所欲也，二者不可得兼，舍生而取义者也。生亦我所欲，所欲有甚于生者，故不为苟得也。死亦我所恶，所恶有甚于死者，故患有所不避也。如使人之所欲莫甚于生，则凡可以得生者何不用也？使人之所恶莫甚于死者，则凡可以避患者何不为也？由是则生而有不用也；由是则可以避患而有不为也。是故所欲有甚于生者，所恶有甚于死者。非独贤者有是心也，人皆有之，贤者能勿丧耳。\r\n\r\n一箪食，一豆羹，得之则生，弗得则死。呼尔而与之，行道之人弗受；蹴尔而与之，乞人不屑也。\r\n\r\n万钟则不辨礼义而受之，万钟于我何加焉！为宫室之美，妻妾之奉，所识穷乏者得我欤？向为身死而不受，今为宫室之美为之；向为身死而不受，今为妻妾之奉为之；向为身死而不受，今为所识穷乏者得我而为之：是亦不可以已乎？此之谓失其本心。', '7', '2015-11-06 00:00:00');
INSERT INTO `forum` VALUES ('31', 'lzs', '过秦论', '　秦孝公据崤函之固，拥雍州之地，君臣固守以窥周室，有席卷天下，包举宇内，囊括四海之意，并吞八荒之心。当是时也，商君佐之，内立法度，务耕织，修守战之具；外连衡而斗诸侯。于是秦人拱手而取西河之外。\r\n　　孝公既没，惠文、武、昭襄蒙故业，因遗策，南取汉中，西举巴、蜀，东割膏腴之地，北收要害之郡。诸侯恐惧，会盟而谋弱秦，不爱珍器重宝肥饶之地，以致天下之士，合从缔交，相与为一。当此之时，齐有孟尝，赵有平原，楚有春申，魏有信陵。此四君者，皆明智而忠信，宽厚而爱人，尊贤而重士，约从离衡，兼韩、魏、燕、楚、齐、赵、宋、卫、中山之众。于是六国之士，有宁越、徐尚、苏秦、杜赫之属为之谋，齐明、周最、陈轸、召滑、楼缓、翟景、苏厉、乐毅之徒通其意，吴起、孙膑、带佗、倪良、王廖、田忌、廉颇、赵奢之伦制其兵。尝以十倍之地，百万之众，叩关而攻秦。秦人开关延敌，九国之师，逡巡而不敢进。秦无亡矢遗镞之费，而天下诸侯已困矣。于是从散约败，争割地而赂秦。秦有余力而制其弊，追亡逐北，伏尸百万，流血漂橹。因利乘便，宰割天下，分裂山河。强国请服，弱国入朝。延及孝文王、庄襄王，享国之日浅，国家无事。\r\n　　及至始皇，奋六世之余烈，振长策而御宇内，吞二周而亡诸侯，履至尊而制六合，执敲扑而鞭笞天下，威振四海。南取百越之地，以为桂林、象郡；百越之君，俯首系颈，委命下吏。乃使蒙恬北筑长城而守藩篱，却匈奴七百余里。胡人不敢南下而牧马，士不敢弯弓而报怨。于是废先王之道，焚百家之言，以愚黔首；隳名城，杀豪杰，收天下之兵，聚之咸阳，销锋镝，铸以为金人十二，以弱天下之民。然后践华为城，因河为池，据亿丈之城，临不测之渊，以为固。良将劲弩守要害之处，信臣精卒陈利兵而谁何。天下已定，始皇之心，自以为关中之固，金城千里，子孙帝王万世之业也。\r\n　　始皇既没，余威震于殊俗。然陈涉瓮牖绳枢之子，氓隶之人，而迁徙之徒也；才能不及中人，非有仲尼、墨翟之贤，陶朱、猗顿之富；蹑足行伍之间，而倔起阡陌之中，率疲弊之卒，将数百之众，转而攻秦，斩木为兵，揭竿为旗，天下云集响应，赢粮而景从。山东豪俊遂并起而亡秦族矣。\r\n　　且夫天下非小弱也，雍州之地，崤函之固，自若也。陈涉之位，非尊于齐、楚、燕、赵、韩、魏、宋、卫、中山之君也；锄耰棘矜，非铦于钩戟长铩也；谪戍之众，非抗于九国之师也；深谋远虑，行军用兵之道，非及向时之士也。然而成败异变，功业相反，何也?试使山东之国与陈涉度长絜大，比权量力，则不可同年而语矣。然秦以区区之地，致万乘之势，序八州而朝同列，百有余年矣；然后以六合为家，崤函为宫；一夫作难而七庙隳，身死人手，为天下笑者，何也？仁义不施而攻守之势异也。', '7', '2015-11-06 00:00:00');
INSERT INTO `forum` VALUES ('32', 'qwe', '问说', '君子学必好问。问与学，相辅而行者也，非学无以致疑，非问无以广识。好学而不勤问，非真能好学者也。理明矣，而或不达于事，识其大矣，而或不知其细，舍问，其奚决焉？\r\n\r\n贤于己者，问焉以破其疑，所谓就有道而正也。不如己者，问焉以求一得，所谓以能问于不能，以多问于寡也。等于己者，问焉以资切磋，所谓交相问难(nàn)，审问而明辨之也。《书》不云乎？“好问则裕。”孟子论“求放心”，而并称曰“学问之道”，学即继以问也。子思言“尊德性”，而归于“道问学”，问且先于学也。\r\n\r\n古之人虚中乐善，不择事而问焉，不择人而问焉，取其有益于身而已。是故狂夫之言，圣人择之，刍荛(ráo)之微，先民询之，舜以天子而询于匹夫，以大知而察及迩言，非苟为谦，诚取善之弘也。三代而下，有学而无问，朋友之交，至于劝善规过足矣，其以义理相咨访，孜孜焉唯进修是急，未之多见也，况流俗乎？\r\n\r\n是己而非人，俗之同病。学有未达，强(qiǎng)以为知，理有未安，妄以臆度(duo)，\r\n\r\n如是，则终身几无可问之事。贤于己者，忌之而不愿问焉，不如己者，轻之而不屑问焉，等于己者，狎之而不甘问焉，如是，则天下几无可问之人。人不足服矣，事无可疑矣，此唯师心自用耳。夫自用，其小者也；自知其陋而谨护其失，宁使学终不进，不欲虚以下人，此为害于心术者大，而蹈之者常十之。\r\n\r\n不然，则所问非所学焉：询天下之异文鄙事以快言论；甚且心之所已明者，问之人以试其能，事之至难解者，问之人以穷其短。而非是者，虽有切于身心性命之事，可以收取善之益，求一屈己焉而不可得也。嗟乎！学之所以不能几(jī)于古者，非此之由乎？\r\n\r\n且夫不好问者，由心不能虚也；心之不虚，由好学之不诚也。亦非不潜心专力之敌，其学非古人之学，其好亦非古人之好也，不能问宜也。\r\n\r\n智者千虑，必有一失。圣人所不知，未必不为愚人之所知也；愚人之所能，未必非圣人之不能也。理无专在，而学无止境也，然则问可少耶？《周礼》，外朝以询万民，国之政事尚问及庶人，是故贵可以问贱，贤可以问不肖，而老可以问幼，唯道之所成而已矣。孔文子不耻下问，夫子贤之。古人以问为美德，而并不见其有可耻也，后之君子反争以问为耻，然则古人所深耻者，后世且行之而不以为耻者多矣，悲夫！', '7', '2015-11-06 00:00:00');
INSERT INTO `forum` VALUES ('33', 'ppp', '训俭示康', '　　孝公既没，惠文、武、昭襄蒙故业，因遗策，南取汉中，西举巴、蜀，东割膏腴之地，北收要害之郡。诸侯恐惧，会盟而谋弱秦，不爱珍器重宝肥饶之地，以致天下之士，合从缔交，相与为一。当此之时，齐有孟尝，赵有平原，楚有春申，魏有信陵。此四君者，皆明智而忠信，宽厚而爱人，尊贤而重士，约从离衡，兼韩、魏、燕、楚、齐、赵、宋、卫、中山之众。于是六国之士，有宁越、徐尚、苏秦、杜赫之属为之谋，齐明、周最、陈轸、召滑、楼缓、翟景、苏厉、乐毅之徒通其意，吴起、孙膑、带佗、倪良、王廖、田忌、廉颇、赵奢之伦制其兵。尝以十倍之地，百万之众，叩关而攻秦。秦人开关延敌，九国之师，逡巡而不敢进。秦无亡矢遗镞之费，而天下诸侯已困矣。于是从散约败，争割地而赂秦。秦有余力而制其弊，追亡逐北，伏尸百万，流血漂橹。因利乘便，宰割天下，分裂山河。强国请服，弱国入朝。延及孝文王、庄襄王，享国之日浅，国家无事。', '7', '2015-11-06 00:00:00');
INSERT INTO `forum` VALUES ('34', 'abc', '请给我穿上红色的衣服-Please Dress Me in Red', 'In my dual profession as an educator and health care provider, I have worked with numerous children infected with the virus that causes AIDS. The relationships that I have had with these special kids have been gifts in my life. They have taught me so many things, but I have especially learned that great courage can be found in the smallest of packages. Let me tell you about Tyler.\r\n\r\nTyler was born infected with HIV: his mother was also infected. From the very beginning of his life, he was dependent on medications to enable him to survive. When he was five, he had a tube surgically inserted in a vein in his chest. This tube was connected to a pump, which he carried in a small backpack on his back. Medications were hooked up to this pump and were continuously supplied through this tube to his bloodstream. At times, he also needed supplemented oxygen to support his breathing.\r\n\r\nTyler wasn’t willing to give up one single moment of his childhood to this deadly disease. It was not unusual to find him playing and racing around his backyard, wearing his medicine-laden backpack and dragging his tank of oxygen behind him in his little wagon. All of us who knew Tyler marveled at his pure joy in being alive and the energy it gave him. Tyler’s mom often teased him by telling him that he moved so fast she needed to dress him in red. That way, when she peered through the window to check on him playing in the yard, she could quickly spot him.\r\n\r\nThis dreaded disease eventually wore down even the likes of a little dynamo like Tyler. He grew quite ill and, unfortunately, so did his HIV-infected mother. When it became apparent that he wasn’t going to survive, Tyler’s mom talked to him about death. She comforted him by telling Tyler that she was dying too, and that she would be with him soon in heaven.\r\n\r\nA few days before his death, Tyler beckoned me over to his hospital bed and whispered, “I might die soon. I’m not scared. When I die, please dress me in red. Mom promised she’s coming to heaven, too. I’ll be playing when she gets there, and I want to make sure she can find me.”\r\n\r\n　　作为一名教育和保健护理工作者，我曾经和数不清的感染上艾滋病病毒的孩子打过交道。我和这些特殊的孩子之间的关系是生活赋予的恩赐.他们教会我许多东西,我尤其懂得了即使在最弱小的人物身上也能发现其所蕴含的巨大勇气.让我告诉你泰勒的故事.\r\n\r\n　　泰勒出生前就从母体感染上艾滋病病毒.自他来到人间就一直靠药物维持生命.他5岁时做手术,胸部插了一根管子,管子连着他背的背包里的泵,泵不断地把药通过管子输入他的血液.有时他还需要补充氧气帮助呼吸.\r\n\r\n　　泰勒不愿把童年的一分一秒屈服于致命的疾病.经常能发现他背着装药的背包和拖着载有氧气罐的小车在他家后院玩耍奔跑.我们所有认识泰勒的人都惊叹生命带给他那纯朴的欢乐和赋予他的活力.泰勒的妈妈经常逗他说,他动的那么快,得给他穿件红衣服.这样她透过窗户查看他在院子里玩的怎样时,能一眼发现他.\r\n\r\n　　可怕的疾病最终还是拖垮了精力充沛的像台小电动机似的泰勒.他的病情越来越严重,不幸的是身染艾滋病病毒的妈妈也病入膏肓.泰勒即将撒手人寰时,妈妈和他谈起死亡.她安慰他说,她也将要离开人世,不久会和他在天堂见面.\r\n\r\n　　泰勒病逝前几天,招呼我到他病床前,低声对我说,“我可能就要死了,我不害怕.我死时请给我穿上红色的衣服.妈妈答应我她也会来天堂的,她来的时候我会在玩,我得保证她能找到我.”', '8', '2015-11-06 00:00:00');
INSERT INTO `forum` VALUES ('35', 'lkf', '那些年那些天非做不可的事', 'Age has reached the end of the beginning of a word. May be guilty in his seems to passing a lot of different life became the appearance of the same day; May be back in the past, to oneself the paranoid weird belief disillusionment, these days, my mind has been very messy, in my mind constantly. Always feel oneself should go to do something, or write something. Twenty years of life trajectory deeply shallow, suddenly feel something, do it.\r\n\r\n　　一字开头的年龄已经到了尾声。或许是愧疚于自己似乎把转瞬即逝的很多个不同的日子过成了同一天的样子；或许是追溯过去，对自己那些近乎偏执的怪异信念的醒悟，这些天以来，思绪一直很凌乱，在脑海中不断纠缠。总觉得自己自己似乎应该去做点什么，或者写点什么。二十年的人生轨迹深深浅浅，突然就感觉到有些事情，非做不可了。\r\n\r\nThe end of our life, and can meet many things really do?\r\n\r\n　　而穷尽我们的一生，又能遇到多少事情是真正地非做不可？\r\n\r\nDuring my childhood, think lucky money and new clothes are necessary for New Year, but as the advance of the age, will be more and more found that those things are optional; Junior high school, thought to have a crush on just means that the real growth, but over the past three years later, his writing of alumni in peace, suddenly found that isn\'t really grow up, it seems is not so important; Then in high school, think don\'t want to give vent to out your inner voice can be in the high school children of the feelings in a period, but was eventually infarction when graduation party in the throat, later again stood on the pitch he has sweat profusely, looked at his thrown a basketball hoops, suddenly found himself has already can\'t remember his appearance.\r\n\r\n　　童年时，觉得压岁钱和新衣服是过年必备，但是随着年龄的推进，会越来越发现，那些东西根本就可有可无；初中时，以为要有一场暗恋才意味着真正的成长，但三年过去后，自己心平气和的写同学录的时候，突然就发现是不是真正的成长了，好像并没有那么重要了；然后到了高中，觉得非要吐露出自己的心声才能为高中生涯里的懵懂情愫划上一个句点，但毕业晚会的时候最终还是被梗塞在了咽喉，后来再次站在他曾经挥汗如雨的球场，看着他投过篮球的球框时，突然间发现自己已经想不起他的容颜。\r\n\r\nOriginally, this world, can produce a chemical reaction to an event, in addition to resolutely, have to do, and time.\r\n\r\n　　原来，这个世界上，对某个事件能产生化学反应的，除了非做不可的坚决，还有，时间。\r\n\r\nA person\'s time, your ideas are always special to clear. Want, want, line is clear, as if nothing could shake his. Also once seemed to be determined to do something, but more often is he backed out at last. Dislike his cowardice, finally found that there are a lot of love, there are a lot of miss, like shadow really have been doomed. Those who do, just green years oneself give oneself an arm injection, or is a self-righteous spiritual.\r\n\r\n　　一个人的时候，自己的想法总是特别地清晰。想要的，不想要的，界限明确，好像没有什么可以撼动自己。也曾经好像已经下定了决心去做某件事，但更多的时候是最后又打起了退堂鼓。嫌恶过自己的怯懦，最终却发现有很多缘分，有很多错过，好像冥冥之中真的已经注定。那些曾经所谓的非做不可，只是青葱年华里自己给自己注射的一支强心剂，或者说，是自以为是的精神寄托罢了。\r\n\r\nAt the moment, the sky is dark, the air is fresh factor after just rained. Suddenly thought of blue plaid shirt; Those were broken into various shapes of stationery; From the corner at the beginning of deep friendship; Have declared the end of the encounter that haven\'t start planning... Those years, those days of do, finally, like youth, will end in our life.\r\n\r\n　　此刻，天空是阴暗的，空气里有着刚下过雨之后的清新因子。突然想到那件蓝格子衬衫；那些被折成各种各样形状的信纸；那段从街角深巷伊始的友谊；还有那场还没有开始就宣告了终结的邂逅计划……那些年那些天的非做不可，终于和青春一样，都将在我们的人生中谢幕。', '8', '2015-11-06 00:00:00');
INSERT INTO `forum` VALUES ('36', 'xx', '坚持不懈，直到成功-I will persist. I will win.', ' I will persist until I succeed. 　　 坚持不懈。直到成功。\r\n\r\n　　In the Orient young bulls are tested for the fight arena in a certain manner. Each is brought to the ring and allowed to attack a picador who pricks them with a lance. The bravery of each bull is then rated with care according to the number of times he demonstrates his willingness to charge in spite of the sting of the blade. Henceforth will I recognize that each day I am tested by life in like manner. If I persist, if I continue to try, if I continue to charge forward, I will succeed.\r\n\r\n　　在古老的东方，挑选小公牛列竞技场格斗有一定的程序、它们被带进场地，向手持长矛的斗牛士攻击，裁判以它受激后再向斗牛士进攻的次数多寡来评定这只公牛的勇敢程度。从今往后。我须承认，我的生命每天都在接受类似的考验。如果我坚韧不拔，勇往直前，迎接挑战。那么我一定会成功。\r\n\r\n　　I will persist until I succeed. 　　坚持不懈。直到成功。\r\n\r\n　　I was not delivered unto this world in defeat, nor does failure course in my veins. I am not a sheep waiting to be prodded by my shepherd. I am a lion and I refuse to talk, to walk, to sleep with the sheep. I will hear not those who weep and complain, for their disease is contagious. Let them join the sheep. The slaughterhouse of failure is not my destiny.\r\n\r\n　　我不是为了失败才来到这个世界上的，我的血管里也没有失败的血液在流动。我不是任人鞭打的羔羊，我是猛狮，不与羊群为伍。我不想听失意者的哭泣，抱怨者的牢骚，这是羊群中的瘟疫，我不能被它传染。失败者的屠宰场不是我命运的归宿。\r\n\r\n　　I will persist until I succeed. 　　坚持不懈，直到成功。\r\n\r\n　　The prizes of life are at the end of each journey, not near the beginning; and it is not given to me to know how many steps are necessary in order to reach my goal. Failure I may still encounter at the thousandth step, yet success hides behind the next bend in the road. Never will I know how close it lies unless I turn the corner.\r\n\r\n　　生命的奖赏远在旅途终点，而非起点附近。我不知道要走多少步才能达到目标。踏上第一千步的时候，仍然可能遭到失败。但成功就藏在拐角后面，除非拐了弯，我永远不知道还有多远。\r\n\r\n　　Always will I take another step. If that is of no avail I will take another, and yet another. In truth, one step at a time is not too difficult.\r\n\r\n　　再前进一步，如果没有用，就再向前一步。事实上，每次进步一点点并不太难。\r\n\r\n　　I will persist until I succeed. 　　坚持不懈，直到成功。\r\n\r\n　　Henceforth, I will consider each day\'s effort as but one blow of my blade against a mighty oak. The first blow may cause not a tremor in the wood, nor the second, nor the third. Each blow, of itself, may be trifling, and seem of no consequence. Yet from childish swipes the oak will eventually tumble. So it will be with my efforts of today.\r\n\r\n　　从今往后，我承认每天的奋斗就像对参天大树的一次砍击，头几刀可能了无痕迹。每一击者似微不足道，然而，累积起来，巨树终会倒下。这恰如我今天的努力。\r\n\r\n　　I will be liken to the raindrop which washes away the mountain; the ant who devours a tiger; the star which brightens the earth; the slave who builds a pyramid. I will build my castle one brick at a time for I know that small attempts, repeated, will complete any undertaking.\r\n\r\n　　就像冲洗高山的雨滴，吞噬猛虎的蚂蚁，照亮大地的星辰，建起金字塔的奴隶，我也要一砖一瓦地建造起自己的城堡，因为我深知水滴石穿的道理，只要持之以恒，什么都可以做到。\r\n\r\n　　I will persist until I succeed. 　　坚持不懈，直到成功。\r\n\r\n　　I will never consider defeat and I will remove from my vocabulary such words and phrases as quit, cannot, unable, impossible, out of the question, improbable, failure, unworkable, hopeless, and retreat; for they are the words of fools. I will avoid despair but if this disease of the mind should infect me then I will work on in despair. I will toil and I will endure. I will ignore the obstacles at my feet and keep mine eyes on the goals above my head, for I know that where dry desert ends, green grass grows.\r\n\r\n　　我绝不考虑失败，我的字典里不再有放弃，不可能、办不到、没法子、成问题、失败，行不通、没希望、退缩…这类愚蠢的字眼。我要尽量避免绝望，一旦受到它的威胁，立即想方设法向它挑战。我要辛勤耕耘，忍受苦楚。我放眼未来，勇往直前，不再理会脚下的障碍。我坚信，沙漠尽头必是绿洲。\r\n\r\n　　I will persist until I succeed. 　　坚持不懈，直到成功。\r\n\r\n　　I will remember the ancient law of averages and I will bend it to my good. I will persist with knowledge that each failure to sell will increase my chance for success at the next attempt. Each nay I hear will bring me closer to the sound of yea. Each frown I meet only prepares me for the smile to come. Each misfortune I encounter will carry in it the seed of tomorrow\'s good luck. I must have the night to appreciate the day. I must fail often to succeed only once.\r\n\r\n　　我要牢牢记住古老的平衡法则，鼓励自己坚持下去，因为每一次的失败都会增加下一次成功的机会。这一次的拒绝就是下一次的赞同，这一次皱起的眉头就是下一次舒展的笑容。今天的不幸，往往预示着明天的好运。夜幕降临。回想一天的遭遇。我总是心存感激。我深知，只有失败多次，才能成功。\r\n\r\n　　I will persist until I succeed. 　　坚持不懈，直到成功。\r\n\r\n　　I will try, and try, and try again. Each obstacle I will consider as a mere detour to my goal and a challenge to my profession. I will persist and develop my skills as the mariner develops his, by learning to ride out the wrath of each storm.\r\n\r\n　　我要尝试，尝试，再尝试。障碍是我成功路上的弯路，我迎接这项挑战。我要像水手一样，乘风破浪。\r\n\r\n　　I will persist until I succeed. 　　坚持不懈，直到成功。\r\n\r\n　　Henceforth, I will learn and apply another secret of those who excel in my work. When each day is ended, not regarding whether it has been a success or a failure, I will attempt to achieve one more sale. When my thoughts beckon my tired body homeward I will resist the temptation to depart. I will try again. I will make one more attempt to close with victory, and if that fails I will make another. Never will I allow any day to end with a failure. Thus will I plant the seed of tomorrow\'s success and gain an insurmountable advantage over those who cease their labor at a prescribed time. When others cease their struggle, the mine will begin, and my harvest will be full.\r\n\r\n　　从今往后，我要借鉴别人成功的秘诀。过去的是非成败，我全不计较，只抱定信念，明天会更好。当我精疲力歇时，我要抵制回家的诱惑，再试一次。我一试再试。争取每一天的成功，避免以失败收场。我要为明天的成功播种，超过那些按部就班的人。在别人停滞不前时，我继续拼搏，终有一天我会丰收。“\r\n\r\n　　I will persist until I succeed. 　　坚持不懈，直到成功。\r\n\r\n　　Nor will I allow yesterday\'s success to lull me into today\'s complacency, for this is the great foundation of failure. I will forget the happenings of the day that is gone, whether they were good or bad, and greet the new sun with confidence that this will be the best day of my life.\r\n\r\n　　我不因昨日的成功而满足，因为这是失败的先兆。我要忘却昨日的一切，是好是坏，都让它随风而去。我信心百倍，迎接新的太阳，相信“今天是此生最好的一天”。\r\n\r\n　　So long as there is breath in me, that long will I persist. For now I know one of the greatest principles of success; if I persist long enough I will win.\r\n\r\n　　只要我一息尚存，就要坚持到底，因为我已深知成功的秘诀。\r\n\r\n　　I will persist. I will win.\r\n\r\n　　坚持不懈，终会成功。', '8', '2015-11-06 00:00:00');
INSERT INTO `forum` VALUES ('37', 'mm', 'Top 10 Things I Know for Sure-深信不疑的十大哲理', '1. We Are Responsible for Our Life. And nobody else. Although all success requires the assistance and cooperation of others, our success can never be left to anyone else. Luck is not a strategy. \r\n我们要对我们的人生负责。这不是别人的责任。尽管所有的成功都需要别人的帮助与合作，但我们的成功不能依赖别人来替我们取得。等待好运降临并非上策。 \r\n\r\n2. Life is Short. Whether we live 20 years or 100, our lives pass quickly. All the more reason to spend our life doing what we love. Since we never know how much time we have left, we should live each day as if it is our last—for it just may be. \r\n人生短暂。不管我们活到20岁还是100岁，我们的人生都过得很快。所以我们更加要在有生之年做自己热爱的事情。既然我们还剩多少时日都是未知的，我们应该把每一天当成自己的最后一天来过——况且很有这个可能。 \r\n\r\n3. You Can\'t Learn Less. We can only add to our knowledge. We don\'t have to give some of it up in exchange for new knowledge. Our ability to absorb and retain knowledge may just be unlimited. \r\n知识只会越学越多。我们只会增加我们的知识。我们不用放弃一些知识来交换新的知识。我们吸收和掌握知识的能力很可能是无限的。 \r\n\r\n4. Clarity Leads to Power. When we\'re clear, we\'re more effective. Our clarity reduces our mistakes and enables us to enlist the help of others. We are more powerful when we are clear, and we are weaker when we are confused. \r\n思路清晰能够产生能量。当我们思路清晰时，我们的效率会更高。清晰的思维能够减少我们的错误，并争取到别人的帮助。当我们思路清晰时，我们就更加强大；当我们烦恼困惑时，我们则变得弱小。 \r\n\r\n5. What You Sow, You Reap. This is also called The Law of the Farm or The Law of Reciprocity. In order to continue to receive, we must give. \r\n种瓜得瓜，种豆得豆。这叫农场定律，也叫回报定律。如果你想继续获得，你就要学会付出。 \r\n\r\n6. You Can\'t Un-ring a Bell. No one can change what\'s already happened. Whatever is done is done. It\'s up to us whether we use the experience to learn or allow ourselves to be run by the experience. \r\n覆水难收。事情既已发生，谁也无法改变。木已成舟，夫复奈何？我们是从事情中吸取教训，还是一直为其所困，这些都取决于我们自己。 \r\n\r\n7. It Takes a Long Time to Build a Good Reputation and Only a Short While to Ruin It. Trust and credibility is built slowly but can be lost almost instantly. \r\n信誉建难毁易。信任和声誉是慢慢建立起来的，但却能毁于一旦。 \r\n\r\n8. If You Don\'t Believe in Yourself, No One Else Will. People don\'t respect or follow anyone who doesn\'t have confidence in themselves. I think the Universe tends to trust us to the degree we trust ourselves. \r\n如果你不相信自己，没有人会相信你。人们是不会尊重或者追随那些没有自信的人的。我认为，你有多自信，世界就有多相信你。 \r\n\r\n9. It Doesn\'t Take Guts to Quit. Anyone can quit. And most people do—on their dreams and on themselves．\r\n放弃并不需要勇气。每个都可以放弃。而且大部分也在这么做——放弃梦想和放弃自我。 \r\n\r\n10. We Can Accomplish Anything We Want, Just Not EVERYTHING We Want. It\'s too big a world. There are too many options, too many things and only a certain amount of time. \r\n我们能够完成任何我们想做的事情，但不是所有的事情。世界这么大，有太多的选择，太多的事情，而我们只有有限的时间。', '8', '2015-11-06 00:00:00');
INSERT INTO `forum` VALUES ('38', 'pce', '爱情的世界很大也很小', '	\r\n\r\nThe love world is big, which can hold hundreds of disappointments; \r\nthe love world is small which is crowded even with three people inside. \r\n原来爱情的世界很大，大到可以装下上百种委屈； \r\n原来爱情的世界很小，小到三个人就挤到窒息。 \r\n\r\nTo the world you may be one person, but to one person you may be the world. \r\n对于世界而言，你是一个人；但是对于某个人，你是他的整个世界。 \r\n\r\nDon’t waste your time on a man/woman, who isn’t willing to waste their time on you. \r\n不要为那些不愿在你身上花费时间的人而浪费你的时间。 \r\n\r\nDon’t try so hard, the best things come when you least expect them to. \r\n不要着急，最好的总会在最不经意的时候出现。 \r\n\r\nMaybe God wants us to meet a few wrong people before meeting the right one, \r\nso that when we finally meet the person, we will know how to be grateful. \r\n在遇到梦中人之前，上天也许会安排我们先遇到别的人； \r\n在我们终于遇见心仪的人时，便应当心存感激。 \r\n\r\nIt is better bo have love and lost than never to have loved at all. \r\n宁可曾经爱过而失败，也不要从来未曾有过一次爱。 \r\n\r\nLove me little, love me long. \r\n爱不贵亲密，而贵长久。 \r\n\r\nTo live in a world without you is more painful than any punishment. \r\nDo you know that no one can replace you in my heart? \r\n生活在没有的你的世界，比任何一种惩罚都要痛苦， \r\n你知道吗，对我而言，你是任何人都无法取代的。 \r\n\r\nIf love is a mountain, then if men go up, \r\nmore women they will see while women will see fewer men. \r\n如果爱情像座山，那么男人越往上走可以俯视的女人就越多， \r\n而女人越往上走可以仰视的男人就越少。 \r\n\r\nLove makes man grow up or sink down. \r\n爱情，要么让人成熟，要么让人堕落。 \r\n\r\nThe only thing you can do when you no longer have something is not to forget. \r\n当你不能再拥有的时候，唯一可以做的就是令自己不要忘记。 \r\n\r\nTo forgive is not to forget, nor remit, but let it go; \r\nto be lonely is not because you have no friends, but no one is living in your heart. \r\n宽恕、原谅并不代表忘记，也不代表赦免，而是放自己一条生路。 \r\n孤单不是有没有朋友，而是有没有人住在你心里。 \r\n\r\nThe worst way to miss someone is to be \r\nsitting right beside them knowing you can’t have them. \r\n失去某人，最糟糕的莫过于，他近在身旁，却犹如远在天边。 \r\n\r\nTo keep someone around you is not love; love is to let the one you love go freely. \r\n不是把对方留在自己身边才叫爱，能放手让所爱的人离开，也是爱的一种。 \r\n\r\nDuring the whole life, you will regret for two things: \r\none is that you don’t get the one you love and the other is the one you love is not happy. \r\n人的一生，有两种遗憾最折磨人：一是得不到你心爱的人；二是心爱的人得不到幸福。 \r\n\r\nDon’t cry because it is over, smile because it happened. \r\n不要因为结束而哭泣，微笑吧，为你的曾经拥有。 \r\n\r\nNever expect the perfect man, \r\nit’s not because that you cannot find, but just because there is no perfect man. \r\n不要期待完美的男人，不是因为你期待不到，而是根本没有完美的男人。 \r\n\r\nAn unacceptable love needs no sorrow but sometime for forgetting. \r\nA badly-hurt heart needs no sympathy but understanding. \r\n一段不被接受的爱情，需要的不是伤心，而是时间，一段可以用来遗忘的时间。 \r\n一颗被深深伤了的心，需要的不是同情，而是明白。 \r\n\r\nI love you not because of who you are, but because of who I am when I am with you. \r\n我爱你，不是因为你是一个怎样的人，而是因为我喜欢与你在一起时的感觉。 \r\n\r\nNo man or woman is worth your tears, and the one who is, won’t make you cry. \r\n没有人值得让你为他/她流泪，值得让你这么做的人不会让你哭泣。 \r\n\r\nIt’s often said that you will have the same life as the person you find. \r\nTherefore, different choices make different endings. \r\n人们说，找到了什么样的人就有了什么样的生活，于是不同的选择，就有不同的童话结尾。 \r\n\r\nSometimes you need to look back, \r\notherwise you will never know what you have lost in the way of forever searching. \r\n偶尔要回头看看，否则永远都在追寻，而不知道自己失去了什么。 \r\n\r\nMost of people are looking forward the crystal-like love—pure without any defect. \r\nHowever the truth is most people are having the glass-like love. \r\n许多人向往水晶般的爱情，晶莹剔透没有瑕疵。但更多人拥有的是玻璃般的爱情。 \r\n\r\nThe one you love also loves you. This is a miracle. \r\nAnd the god names this as falling in love with each other. \r\n自己爱的人同时也爱着自己，这简直是一种奇迹， \r\n神明为这种奇迹取了一个名字，叫做恋爱。 \r\n\r\nHow it feels when you are loved by the one you love? How could it be like? \r\nIf you want to answer it immediately, you shall know how happy you are. \r\n被自己所爱的人深爱着是什么样的感觉呢？会是什么样子呢？ \r\n想要立刻回答的人，你要知道自己是多么幸福。 \r\n\r\nHope and trust is the tail of a lizard, which can reproduce even after being cut off. \r\n希望和信任是蜥蜴的尾巴，即使被切断，但它们还会再长出来。 \r\n\r\nDo you think that the sourest feeling is to be jealous? \r\nNo, the sourest thing is that you have no rights to be jealous. \r\nThat’s the sourest thing. \r\n你以为最酸的感觉是吃醋吗？不是的，最酸溜溜的感觉是没权吃醋， \r\n根本就轮不到你吃醋，那才是… \r\n\r\n\r\nThe worst way to miss someone is to be sitting right beside them knowing you can\'t have them.\r\n失去某人，最糟糕的莫过于，他近在身旁，却犹如远在天边。 \r\n\r\nTo lost in something you love is better than to win in something you hate. \r\n宁可失败在你喜欢的事情上，也不要成功在你所憎恶的事情上。 \r\n\r\nIt is better bo have love and lost than never to have loved at all. \r\n宁可曾经爱过而失败，也不要从来未曾有过一次爱。 \r\n\r\nI know that love shall not be compared, but I still used to complaining what he is lack of. \r\n我知道感情不能拿来比较，但无意中还是习惯抱怨他所缺少的。 \r\n\r\nNever frown, even when you are sad, \r\nbecause you never know who is falling in love with your smile. \r\n纵然伤心，也不要愁眉不展，因为你不知是谁会爱上你的笑容。 \r\n\r\nLove is an impossible meeting. \r\nFor example, I am a bird flying in sky, \r\nyou are a leopard in forest. We just fall in love accidentally. \r\n缘分是不可能的相遇。比如我是空中的鸟，你是林中的豹，只是我们碰巧相爱。 \r\n\r\nWhen someone abandons you, it is him that gets loss \r\nbecause he lost someone who truly loves him \r\nbut you just lost one who doesn’t love you. \r\n当你认为被抛弃的时候，受损失的其实是对方： \r\n因为他失去了一个真正喜欢他的人，而你只不过少了一个不喜欢你… \r\n\r\nJust because someone doesn’t love you the way you want them to, \r\ndoesn’t mean they don’t love you with all they have. \r\n爱你的人如果没有按你所希望的方式来爱你，那并不代表他们没有全心全意地爱你。 \r\n\r\nGood love makes you see the whole world from one person \r\nwhile bad love makes you abandon the whole world for one person. \r\n好的爱情是你通过一个人看到整个世界，坏的爱情是你为了一个人舍弃世界。 \r\n\r\nWhy to ask so much when you are in love? \r\nThe mature never ask the past, \r\nthe wise never ask the present \r\nand the open-minded never ask the future. \r\n爱，又何必多问？成熟的人不问过去，聪明的人不问现在，豁达的人不问未来。 \r\n\r\nThe key for happiness is not to find a perfect person, \r\nbut find someone and build a perfect relationship with him. \r\n幸福的关键不在于找到一个完美的人， \r\n而在找到一个人，然后和他一起努力建立一个完美的关系。 \r\n\r\nIf you leave me, please don’t comfort me \r\nbecause each sewing has to meet stinging pain. \r\n离开我就别安慰我，要知道每一次缝补也会遭遇穿刺的痛。', '8', '2015-11-06 00:00:00');
INSERT INTO `forum` VALUES ('39', 'xx', '父爱无边', '　My father was a self-taught mandolin player. He was one of the best string instrument players in our town. He could not read music, but if he heard a tune a few times, he could play it. When he was younger, he was a member of a small country music band. They would play at local dances and on a few occasions would play for the local radio station. He often told us how he had auditioned and earned a position in a band that featured Patsy Cline as their lead singer. He told the family that after he was hired he never went back. Dad was a very religious man. He stated that there was a lot of drinking and cursing the day of his audition and he did not want to be around that type of environment.\r\n\r\n　　Occasionally, Dad would get out his mandolin and play for the family. We three children: Trisha, Monte and I, George Jr., would often sing along. Songs such as the Tennessee Waltz, Harbor Lights and around Christmas time, the well-known rendition of Silver Bells. \"Silver Bells, Silver Bells, its Christmas time in the city\" would ring throughout the house. One of Dad\'s favorite hymns was \"The Old Rugged Cross\". We learned the words to the hymn when we were very young, and would sing it with Dad when he would play and sing. Another song that was often shared in our house was a song that accompanied the Walt Disney series: Davey Crockett. Dad only had to hear the song twice before he learned it well enough to play it. \"Davey, Davey Crockett, King of the Wild Frontier\" was a favorite song for the family. He knew we enjoyed the song and the program and would often get out the mandolin after the program was over. I could never get over how he could play the songs so well after only hearing them a few times. I loved to sing, but I never learned how to play the mandolin. This is something I regret to this day.\r\n\r\n　　Dad loved to play the mandolin for his family he knew we enjoyed singing, and hearing him play. He was like that. If he could give pleasure to others, he would, especially his family. He was always there, sacrificing his time and efforts to see that his family had enough in their life. I had to mature into a man and have children of my own before I realized how much he had sacrificed.\r\n\r\n　　I joined the United States Air Force in January of 1962. Whenever I would come home on leave, I would ask Dad to play the mandolin. Nobody played the mandolin like my father. He could touch your soul with the tones that came out of that old mandolin. He seemed to shine when he was playing. You could see his pride in his ability to play so well for his family.\r\n\r\n　　When Dad was younger, he worked for his father on the farm. His father was a farmer and sharecropped a farm for the man who owned the property. In 1950, our family moved from the farm. Dad had gained employment at the local limestone quarry. When the quarry closed in August of 1957, he had to seek other employment. He worked for Owens Yacht Company in Dundalk, Maryland and for Todd Steel in Point of Rocks, Maryland. While working at Todd Steel, he was involved in an accident. His job was to roll angle iron onto a conveyor so that the welders farther up the production line would have it to complete their job. On this particular day Dad got the third index finger of his left hand mashed between two pieces of steel. The doctor who operated on the finger could not save it, and Dad ended up having the tip of the finger amputated. He didn\'t lose enough of the finger where it would stop him picking up anything, but it did impact his ability to play the mandolin.\r\n\r\n　　After the accident, Dad was reluctant to play the mandolin. He felt that he could not play as well as he had before the accident. When I came home on leave and asked him to play he would make excuses for why he couldn\'t play. Eventually, we would wear him down and he would say \"Okay, but remember, I can\'t hold down on the strings the way I used to\" or \"Since the accident to this finger I can\'t play as good\". For the family it didn\'t make any difference that Dad couldn\'t play as well. We were just glad that he would play. When he played the old mandolin it would carry us back to a cheerful, happier time in our lives. \"Davey, Davey Crockett, King of the Wild Frontier\", would again be heard in the little town of Bakerton, West Virginia.\r\n\r\n　　In August of 1993 my father was diagnosed with inoperable lung cancer. He chose not to receive chemotherapy treatments so that he could live out the rest of his life in dignity. About a week before his death, we asked Dad if he would play the mandolin for us. He made excuses but said \"okay\". He knew it would probably be the last time he would play for us. He tuned up the old mandolin and played a few notes. When I looked around, there was not a dry eye in the family. We saw before us a quiet humble man with an inner strength that comes from knowing God, and living with him in one\'s life. Dad would never play the mandolin for us again. We felt at the time that he wouldn\'t have enough strength to play, and that makes the memory of that day even stronger. Dad was doing something he had done all his life, giving. As sick as he was, he was still pleasing others. Dad sure could play that Mandolin!\r\n\r\n　　我父亲是个自学成才的曼陀林琴手，他是我们镇最优秀的弦乐演奏者之一。他看不懂乐谱，但是如果听几次曲子，他就能演奏出来。当他年轻一点的时候，他是一个小乡村乐队的成员。他们在当地舞厅演奏，有几次还为当地广播电台演奏。他经常告诉我们，自己如何试演，如何在佩茜?克莱恩作为主唱的乐队里占一席之位。他告诉家人，一旦被聘用就永不回头。父亲是一个很严谨的人，他讲述了他试演的那天，很多人在喝酒，咒骂，他不想呆在那种环境里。\r\n\r\n　　有时候，父亲会拿出曼陀林，为家人弹奏。我们三个小孩：翠莎、蒙蒂和我，还有乔治通常会伴唱。唱的有：《田纳西华尔兹》和《海港之光》，到了圣诞节，就唱脍炙人口的《银铃》：\"银铃，银铃，城里来了圣诞节。\"歌声充满了整个房子。父亲最爱的其中一首赞歌是《古老的十字架》。我们很小的时候就学会歌词了，而且在父亲弹唱的时候，我们也跟着唱。我们经常一起唱的另外一首歌来自沃特?迪斯尼的系列片：《戴维?克罗克特》。父亲只要听了两遍就弹起来了，\"戴维，戴维?克罗克特，荒野边疆的国王。\"那是我们家最喜欢的歌曲。他知道我们喜欢那首歌和那个节目，所以每次节目结束后，他就拿出曼陀林弹奏。我永远不能明白他如何能听完几遍后就能把一首曲子弹得那么好。我热爱唱歌，但我没有学会如何弹奏曼陀林，这是我遗憾至今的事情。\r\n\r\n　　父亲喜欢为家人弹奏曼陀林，他知道我们喜欢唱歌，喜欢听他弹奏。他就是那样，如果他能把快乐奉献给别人，他从不吝啬，尤其是对他的家人。他总是那样，牺牲自己的时间和精力让家人生活得满足。父亲的这种付出是只有当我长大成人，而且是有了自己的孩子后才能体会到的。\r\n\r\n　　我在1962年1月加入了美国空军基地。每当我休假回家，我都请求父亲弹奏曼陀林。没有人弹奏曼陀林能达到像我父亲那样的境界，他在那古老的曼陀林上抚出的旋律能够触及你的灵魂。他弹奏的时候，身上似乎能发出四射的光芒。你可以看出，父亲为能给家人弹奏出如此美妙的旋律，他是多么的自豪。\r\n\r\n　　父亲年轻的时候，曾在农场为爷爷工作。爷爷是农场使用者，要向农场所有人交纳谷物抵租。1950年，我们全家搬离农场，父亲在当地石灰石采石场谋得职位。采石场在1957年倒闭，他只好另觅工作。他曾在马里兰州登多克的欧文斯游艇公司上班，还在马里兰州的洛斯的托德钢铁公司上过班。在托德钢铁公司上班期间，他遇到了意外。他的工作是把有棱角的铁滚到搬运台上，这样焊接工才能作进一步加工来完成整个工序。在那个特殊的日子里，父亲的\r\n\r\n　　左手第三个手指被缠在两片钢铁中。医生对手指施手术，但未能保住那只手指，最后父亲只好让医生把那手指的指尖给切除了。那个手指并没有完全丧失拿东西的能力，但是却影响了他弹奏曼陀林的能力。\r\n\r\n　　事故后，父亲不太愿意弹奏曼陀林了，他觉得再也不能像以前弹得那么好了。我休假回家请求他弹奏曼陀林，他以种种借口解释不能弹奏的原因。最后，我们软硬兼施逼他就范，他终于说：\"好吧，但是记住，我拨弦再也不能像过去一样了。\"或者会说：\"这个手指出意外后，我再也不能弹得像过去那样好了。\"对于家人来说，父亲弹得好不好并没有分别，我们很高兴他终于弹奏了。当他弹起那把陈旧的曼陀林，就会把我们带回昔日那些无忧无虑的幸福时光。\"戴维，戴维?克罗克特，荒野边疆的国王\"就会再次响彻西弗吉尼亚州的贝克顿小镇。\r\n\r\n　　1993年8月，父亲诊断得了不宜动手术的肺癌。他不想接受化疗，因为他想体面地过完他生命最后的时光。大约在父亲去世的一周前，我们请求他能否为我们弹奏曼陀林，他说了很多借口，最后还是答应了。他知道这可能是他最后一次为我们弹奏了，他为老曼陀林调弦，弹了几个音。我环顾四周，家人个个都泪水满眶。我们看见在我们面前是一个安静的、谦虚的人，以生命最后的力量，用爱的力量支撑着。父亲再也没有足够的力量弹奏，这使我们对那天的记忆更加强烈。父亲做着他一生都在做的事情：奉献。即使生命已走到了尽头，他却仍尽力为他人创造欢乐。没错，父亲一定还能弹奏曼陀林的。', '8', '2015-11-06 00:00:00');
INSERT INTO `forum` VALUES ('40', 'yy', '科技的发展', '随着科技的发展，人类文明又向前迈进了一大步，从以前的马车变成汽车，从以前的油灯变成电灯…… \r\n\r\n现在，人们生活变好了。用电话加快通讯，用汽车、摩托车加快了生活的节奏，用电饭煲、煤气做美味可口的饭菜…… \r\n\r\n电视在生活中是不可缺少的。我们可以看新闻，了解国内外的事；可以看动画片，放松一下；还可以不去现场看节目、表演；比如说，这次奥运会吉祥物揭晓，就可以在家看转播。 \r\n\r\n电脑在各行各业的应用更广泛，我们在海宁发一封信到巴西，只要几秒钟对方就能收到。我们可以在英特网上和天南地北的亲朋好友聊天、游戏；可以在网上读新闻、看电影，听音乐；可以听老师上课，查找资料，还可以足不出户购物、医疗、急救…… \r\n\r\n可以这样说，科技和我们息息相关。有了这发达的科技，我们的生活更加快捷方便，丰富多彩。 \r\n自从第一台计算机在美国揭开神秘面纱后，人们便赋予了计算机光荣的使命。 \r\n\r\n事实证明，这类现代化工具的出现，不仅证明了科技迈入了一个新的平台，也证明了世界间不同地域的交往离不开它。它似乎是给社会的发展加速的动力，用一条条无形的锁链织成了一张遍布全球的网，网罗了发展，网罗了生活。 \r\n\r\n科学技术是人类战胜自然、改造自然的武器，是推动社会生产力发展的重要力量。科技的每一次发展都是人类文明史上的飞跃，都是人类征服自然、征服自身的划时代的胜利。在原始社会和奴隶社会初期，正是由于青铜器的铸造和铁器的使用，才使得社会财富成倍增长，引起社会形态的变化；在18世纪的工业革命中，正是由于蒸汽机技术的广泛应用，才使工业革命进入了一个崭新的阶段，从而使资本主义世界的财富翻了一番；在第二次世界大战后， 正是由于以使用电器为主的第三次科学技术革命的影响，才极大地促使了战后资本主义国家的经济复苏和社会主义国家经济的大幅度增长，促使了社会财富的迅速增加和人民生活的根本改善。因此，科技发展的有利之处是显而易见的。 \r\n\r\n不管人们有没有意识到，科学技术已经深深的影响着我们的日常生活，在经济社会发展扮演着不可或缺的角色。尤其是从21世纪以来，科学技术，尤其是计算机网络技术、电子信息技术的飞速发展，使得手机、电脑那些昂贵的奢侈品步入寻常百姓家，成为我们生活的必需品。想象一下，如果没有手机，我们如何随心所欲地与亲人保持联系呢；如果没有网络，我们又如何与远在异国他乡的朋友谈天论地；如果没有高清晰的电视技术，我们又如何享受华丽的好莱坞电影呢？当然，我们也必须承认，科学技术在一定程度上时也改变着我们的生活方式，改变着我们的文化。现在，更多的年轻人接受了电子商务，远程教育等时尚的生活方式，甚至于网恋也成为现在的一种潮流。 \r\n\r\n正是因为科学技术具有如此的重要性，我们的国家领导人也在多种场合提出大力发展科学技术。邓小平同志曾经指出，科学技术是第一生产力，从而确立了科学技术的重要的地位，把发展科技作为我国的一项基本国策，增大了对科技发展的资金投入，改善了科技发展的硬环境和软环境，从而使得我国在改革开放以后取得了很大地进步，步入了科技强国之林。但是，我们也应该清醒的认识到，我们与发达国家比如美国，德国，法国等还有着很大的差距，很多技术都受限于发达国家。所以，我们应该奋起直追，迎头赶上。 \r\n\r\n作为当前社会的一员，我们不仅应该认识到科技的重要性，还应该努力学习科学技术，用科学技术来武装我们的头脑，具有献身科学的勇气和决心，具有用科学技术来发展全人类的博大胸怀。更重要地是，我们还应当教育我们的后代，要热爱科学，尊重科学 \r\n\r\n目前存在的,就有他的合理之处', '5', '2015-11-06 00:00:00');
INSERT INTO `forum` VALUES ('41', 'lzs', '科技创新', '化学教育实习中实施多媒体辅助教学的可行性探讨一、多媒体辅助教学是现代教育技术的需求多媒体教学具有图、文、声并茂及形象、直观、动画、快捷等特性，使教员和学生能经过人机之间的交互功用充沛发明出一个图文并茂、绘声绘色、生动逼真的教学环境，有利于激起学生的学习兴味，加深学生对化学学问的了解，加强对学问的认识和了解力从而进步教学效果。当前的实习生是将来教育的中坚力气，是现代教育技术的运用和施行者，因而，在教育实习中有必要培育和锻炼实习生的多媒体课件制造和应用才能，为未来的教学理论打下扎实的根底。\r\n　　\r\n　　二、多媒体辅助教学丰厚了教学办法在实习过程中，实习生常常在课堂上依照固定的程序流利地将教案“背”给学生。但是，讲课并非简单的“背诵”，更重要的是与学生停止交互式教学，在教学中启示、引导学生带着兴味来学习。这就需求教员不只要具备扎实的传统板书教学功底，更需求展开启示式、探求式等多种教学形式。采用多媒体辅助教学，能够把一些设疑、考虑、模型、动画等制造在课件中，在教学过程中逐一讨论或展现，这样更容易启示、引导学生停止察看、考虑、答复，进步课堂的活泼氛围。\r\n　　\r\n　　三、多媒体辅助教学优化了教学内容笔者在指导学生教育实习时发现多数实习生的教案内容来源于1—2本优秀教案的范文，实习生在教材的剖析、内容的整理和言语表达方面难有本人共同的创新性思想，课堂教学表现为单调乏味、千篇一概的机械性解说。笔者以为采用多媒体辅助教学技术可有效改善这一情况。例如在《碱金属元素》的学习中，实习生能够采用多媒体辅助教学，经过展现碱金属元素u～Cs的原子构造图、碱金属元素LiCs与水反响的Flash动画等内容，让学生从图文并茂的课件中形象直观地从理性角度总结出碱金属元素的类似性和递变性。Abstract: Rohlin\'s Lemma which was originally (cf [18]) proved for bi-measurable aperiodic automorphisms T of a Polish space X is a basic tool in ergodic theory. It states that for an automorphism of the above type which is invariant with respect to a Borel probability measure /& any r~ c N+ and any e > O, one can find a measurable set R ( a so called (r;,e) Rohlin set) such that, for ] 0, 1, ..., r; 1, the sets T JR are pairwise disjoint and exhaust X with exception of A TER。 http://www.txlunwenw.com。TERremainder set whose mass is smaller than e. In particular, Rohlin\'s Lemma is indispensable for the canonical construction of generators. Since the classical proof (cf [11]) quoted in the standard textbooks on ergodic theory (e. g., [7], [9], [17]) uses a Kakutani tower type construction and thus needs forward measurability, we feel obliged to provide an elementary proof which doesn\'t rely on this assumption. Moreover, the setting is generalised from Polish space to separable space. Here we improve ...............\r\n　　\r\n　　四、多媒体辅助教学补偿了实验药品、教具短缺问题因教育经费问题，实习学校有可能存在教学资源短缺、实验药品不到位、教具有限的客观理想。此外，实习中也可能存在因某些实验的药品存在毒性、风险性、毁坏性而不能在课堂演出示的问题。在这种状况下，实习生如何最大限度天时用好有限资源而不影响教学过程？\r\n　　笔者以为依然能够采用多媒体技术来辅佐处理。例如，碱金属单质Rb、Cs药品费用贵，难以保管，中学普通不购置该药品，而经过多媒体技术能够从网络中搜集Rb、Cs性质的珍贵教学录像为我们所用。\r\n　　\r\n　　五、多媒体辅助教学有益于实习生教学技艺、课件制造才能的进步在传统教学过程中，教员主要运用口头讲授并借助本身的言语姿势来传授学问技艺，这对教员的言语表达才能的请求是相当高的。实习生刚上讲台，由于经历的缺乏以及心理的慌张，使得他们很少能尽兴发挥，而借助多种教育媒体就能够补偿这种缺失。由于在实习过程中要选用多媒体停止教学，这就迫使实习教员对课程的内容和教法要停止更深入、更细致的研究。依据教学目的剖析教材、剖析学生，优化组合各种媒体，设计课堂教学过程，把教学过程的各个环节有机地联络起来，这对实习教员的备课起到了极大的促进作用[1]。', '5', '2015-11-06 00:00:00');
INSERT INTO `forum` VALUES ('42', 'kily', '白领机器人——我的机器“不是人”', '你能想象吗？有一天，你的同事是机器人，就连帮你看病的医生，也是机器人！\r\n随着科技大跃进，具有人工智能的服务型机器人愈来愈聪明，已逐渐威胁白领工作者。未来趋势大师傅瑞甚至预言，2030年之前，将有20亿个工作机会消失，你该如何应对？\r\n虽然机器人早就来了，但“白领机器人”不同于工厂在线的机器人，它将取代白领工作者的工作，这是企业或个人都不能忽视的重要趋势。\r\n未来趋势大师傅瑞（Thomas Frey）预测：“由于科技进步，2030年前，全球会有20亿个工作机会消失。”傅瑞在IBM任职的15年间，得到超过270个奖章，有“创意大师”之称。他1997年创设未来主义智库“达尔文学院”，专门预测未来世界。\r\n新预测！\r\n服务型机器人和白领抢饭碗\r\n至于有哪些工作会消失？英国牛津大学学者佛瑞和奥斯本尼在2013年发表的《工作的未来：哪些工作容易电脑化？》研究中，从知觉和操控能力、创造力和社交能力三方面考虑，找出容易被电脑取代的工作。\r\n报告指出，被取代几率最高的是“电话访问员”，第二名是“会计与审计员”，第三名则是“零售推销员”。\r\n此外，技术文件，例如电脑说明书将可由电脑生成，自然也不再需要技术文件撰写人员，甚至连房屋中介业务人员都会受到影响，主要是因网络看房功能越来越便利。\r\n在美国已经有一些内科医生的工作被取代。开设在购物中心的“一分钟诊所”，建构了完善的电子病历数据系统，驻诊护士检测之后，搭配病人陈述的病史和病情，多半就能依需求开处方笺。\r\n外科医生精巧的手，应该无可取代吧？手术房内，病人躺在手术台上，但开刀的医生不是站在病人旁边，而是坐在控制台前，他们利用“达尔文机器手臂”，透过高分辨率和放大10倍的影像动手术。不需要长时间、也不必担心手抖的医生说：“简直像一个‘缩小的我’进入病患的身体内在动手术一样。”目前每年采用“达尔文机器手臂”的手术已超过20万例。\r\n待人接物总不能靠机器人吧？在美国加州的Aloft酒店，房客点了送餐到客房的服务，不过来送餐的不是真人，而是名为Botlr的机器人管家。它会自己判断楼层和房间，送到门口前还打电话告知客人;客人也可以透过触控屏幕和它互动。\r\n日本软件银行预定明年问世的机器人Pepper，则能透过感应器等方式来了解人类情感，调整自己的情绪，更加贴近人类的需求。\r\n新生态！\r\n中阶职位将被取代\r\n机器人的冲击扩散到白领后，麻省理工学院经济学家奥托指出，“雇用将出现两极化”，也就是最后将只剩下高端和低阶的工作者可以生存，高收入的一端以创新取胜，另一端则是靠体力赚取微薄薪资，广大的中阶工作者最容易被取代。\r\n在这种情况下，傅瑞认为2030年之前，人们一生中平均会需要重建职业生涯六次，也就是说，他们一生中将有六次可能失去原有工作，转而从事新的行业或工作。\r\n从台湾104人力银行的统计结果也看出这样的趋势，过去5年来，催收人员、核保及保险内勤人员、股务人员、银行办事员等工作需求衰退幅度甚大，因为他们的工作已经被电脑系统取代。\r\n不过，状况其实并不悲观，傅瑞指出：“自动化的确会使一些工作消失，但不代表他们会绝迹，只是逐渐变少。科技让人们用更好的方法做事，而且同时会有新的工作被创造。重点在于，我们要如何让人才的能力能够胜任这些职位。”\r\n新机会！\r\n五大明星产业出列\r\n\r\n\r\n\r\n傅瑞特别提出未来五大需要关注的产业：运输、电力、教育、3D打印和机器人。教育则是他非常重视的一环，因为未来充满变量，“我们需要一个机构，来教育和再训练人们能胜任现在还不存在的工作，并且让人们能够适应这样的改变。”\r\n傅瑞补充：“未来还是会有会计等传统职业，但会加入更多创意行业，例如无人机的领航员，把3D打印的器官放回你身体里的专业人员，虚拟人物管理师，帮电脑或机器人创造个性等。”\r\n台湾实践大学讲座教授陈超明指出，不会被取代的工作有以下五种：低阶服务（如扫地工人）、高阶决策（如总经理）、与科技连接（如机器人设计者）、与沟通连接（如导游）、平台设计与整合（如整合营销业者）。', '5', '2015-11-06 00:00:00');
INSERT INTO `forum` VALUES ('43', 'oo', '三年再见', '抬头看，“原来这就是我一直想上的的中学啊，，我终于来。”我满怀着欣喜，看着校门，而后面却跟着一堆黑衣人，不知道的还以为去打劫的呢。“其实我叫欧阳熙雯，我爹地叫做欧阳毅，也就是欧阳集团的总裁，他总觉得对我的保护不够，总想着我走到哪里都能保护我，可这却让我有了累赘，我爹地到哪一天才能改掉啊！！我以前一直都在贵族学校上学，可我从来都内有什么真心朋友，以及老师的评语，就因为我是欧阳毅的女儿，所以就必须面对这些吗，我不要对着假面具生活了。”于是就有了现在的情况了。\r\n　　几天前、、、、\r\n　　“老爹，和你商量一件事如何？”熙雯用着祈求的眼神看着坐在那里的却沉默不语的人\r\n　　“哎呀，我女儿现在竟有事能有求于我啦！”老爹一副故作惊讶的表情。\r\n　　“爹地，你能不能不要总笑我啊，每次都这样，，好了，我不和你开玩笑了，我想去格雅中学上学。”熙雯认真地看着欧父说。\r\n　　“那个学校本来就不是本市最好的，你怎么想去哪个学校。如果要让我答应你，你就必须得给我一个信服的理由。”欧父放下手中的报纸看着熙雯。\r\n　　“爹地，他虽然不是本市最好，可也不是最差的，我不再在那些所谓的贵族学校呆下去了，那你的人都带着面具，说话都得小心翼翼的，而且因为我是您的女儿，很多人都不敢和我做朋友呢。！”\r\n　　正当欧父准备说话，一个优雅而让人感觉安静的声音传来，拿正就是我的母亲“看来我们的女儿长大了，真的懂了许多了，老爷。你就让熙雯去吧。、，让她也见见世面吧，嗯？”欧母将手中的水果交给欧父，而欧父却不敢开腔了，我心里还暗想道“爹哋还是需要妈咪才能被制服啊”\r\n　　“张叔，我就知道，爹地还不放心，，你们呐，就先回吧，我自己就行了，我可还不想别人在想以前那些人一样，戴着假面具对我，现在没有什么千金大小姐了，只有欧阳熙雯，不对，欧熙雯。张叔我求你了！！”熙雯用着可怜巴巴的眼神盯着张叔，手还扯和他的衣角。\r\n　　“可是，我，，”没等张叔把话说完熙雯便打断了他的话“张叔，有什么事我担着，我求你呢！”“那好吧，有事就打电话给我吧”我也没来得及回话便听见广播里说道“请高一新生到教导处报道”“好了，张叔我走了，拜”熙雯笑眯眯的对张叔说。\r\n　　见熙雯走后走后，张叔便拿起电话，拨通了欧父的电话\r\n　　“老爷，熙雯小姐走了，他不让我们保护，，说出了事她担着”\r\n　　“嗯，这才像我的女儿，好了那就算了吧，派几个人保护熙雯，我看现在有些人要开始有行动了。”\r\n　　“是老爷”等听见嘟嘟嘟的响声，张叔才把电话挂了。\r\n　　“老师，您好，我是欧熙雯同学。”妈咪说为了保护我不让我说真实名字，想了想其实也没什么了。\r\n　　“你的家长呢？”老师问道，而这个问题却让熙雯沉默了，以前都是张叔安排好了的，也不用去报名，我都不用去，更不用说爹地了。老师却像懂了一样的点点头，便盖了章“你在高一七班，你们老师姓苟，去吧！”熙雯那好了证书对老师说了声谢谢就走了，而老师现在却在后面摇摇头“现在的家长啊，真不负责任啊，哎！”而欧父也在那边打了个打喷嚏“谁在想我啊”而欧母却说：“鬼才想你了，你还不吃早饭，等下去公司。。”\r\n　　当熙雯走进教，看着同学们的欢歌笑语，脸上没有一丝掩饰的笑，心里也可开心了。便也走上前去和大家打招呼、、、、、', '3', '2015-11-06 00:00:00');
INSERT INTO `forum` VALUES ('44', 'qqqq', '逆乱苍生', '在外斗的平原上，格外的清净，偶尔能听到几声蛐蛐和虫子的叫声。一位看似毫不起眼的老人，羽扇纶巾，看似神秘莫测。一会，他睁开了眼睛，嘴角微微上扬，看着远方的星空。跟随着老人的目光，平原上的星空格外的清晰，星星也好像在一眨一眨的。半时，远方的天空好像扭曲了一样，星星也跟着扭转在一起，就像是空间错位，让人感叹星空的神秘而又无可奈何。\r\n　　一直持续了不到五秒钟。老人先是摇了摇头，随后大笑起来，随后皱皱眉头。最后无奈的叹了一口气。\r\n　　曲径幽冥深处，黑暗的世界，树木一排排就像是死后的骷髅一般，让人看到后不禁有些头\r\n　　皮发麻的感觉。时不时传来风起时的声音，‘呜呜的作响’，就像是幽冥地府的鬼魂不断的\r\n　　嚎叫着。远处幽幽的飘来几只鬼火，磷火产生的绿光，更能让人相信这是一片地狱。\r\n　　幽冥的深处两道绿光直射而来，随后一道低沉而有沙哑响起：“咔咔，少主出生，我族大\r\n　　旺。”随后绿光消失，幽冥深处便恢复往常的安静。\r\n　　尚阳城，齐家后院。\r\n　　一位威严的中年男人，满身血渍，一身盔甲，好像刚从战场上回来一样。站在门口焦急的\r\n　　等待着，时不时来来回回的走动，是不是望着屋子。屋子里时不时传来一声声女人痛苦的声\r\n　　音，还时不时传来老妇人的鼓励的声音。\r\n　　原来这名中年人的孩子要出生了，不远从战场上赶了回来，这名男子叫齐盛，是姜国的一名将军。\r\n　　“将军，放心吧，少将军一定会平安出生的。”随从的士兵说道。\r\n　　齐盛还是非常着急，紧皱着眉头，不断的走动，就像热炕上的蚂蚁。急奈的说道：“这\r\n　　都两个时辰了，这。。。哎！”\r\n　　“将军，您吉人自有天相，相信老天也会保佑夫人和少爷平安无事的。”\r\n　　这边话音刚落，女人的声音渐渐的缩小了，直至归无。齐盛的心弦也提到了一个高度。随后‘哇~~！’一声声婴儿啼哭的声音打破了安静。中年男人终于松了一口气。\r\n　　门吱呀打开了，进了屋子。一位老妇人也就是接生婆遗憾带有悲腔说道：“老。老爷，孩子保住了，是个男孩，但是夫人不行了。。”\r\n　　齐盛走过接生婆，来不及看孩子，走到床边，看着躺在床上的女人。女人早已没有了知觉，已经被折腾的有气无力，脸色惨白，汗水寖湿了头发，也不顺着脸颊流淌在腮后。\r\n　　齐盛内心瞬间五味杂粮，说不出来的难受，随后吐出了一口鲜血，随从的士兵赶紧搀扶住了他，他摆了摆手臂站直闭上了眼睛，两行泪水流淌了出来。作为堂堂姜国一员大将，七尺男儿的他，但是夫人的死，让他备受打击，好在孩子还是顺利的出生。\r\n　　“将军保重身体要紧啊。”\r\n　　齐盛没有说话，接过接生婆子手中的孩子。只见婴儿眉宇间透露着剑眉星目，一点也不闹腾很是乖巧。\r\n　　十二年过去了。转眼即顺。\r\n　　一位少年光着上身，站在齐家演武场内，不断的用手臂击打木桩。木桩被少年击打的吱呀作响，手臂每次一的击打，身上的肌肉都会紧绷起来，木桩也会砰的响动，好像随时都有可能断裂开来。这位少年剑眉星目，气宇不凡一看就让人感觉到非常利索，给人第一印象非常的完美。身上肌肉的轮廓也展现出来了，显然不是一名少年该有的体格。\r\n　　不时，‘咔嚓’一声，木桩断成了两半。少年收手无奈的摇了摇头。\r\n　　“这是第几个了！”\r\n　　他自言自语的说道，就在他收拾一下自己的上衣准备离开。演武场的不远处来个两位不速之客。\r\n　　“呦，我说天弟弟，今天不错又打坏了一个木桩。”一名看着和少年差不多年龄的男孩说道，放在大街上，穿着平常百姓家的衣服一眼就能归类出来是一名地痞**之类的少年。好在他穿着锦丽布衣。\r\n　　被称作‘天弟弟’的少年没有搭理他。刚转身欲走被另一位少年拦住说道：“我说齐天，玉衡哥给你说话你没听到是吧。”口气略有张狂，实属挑衅一般。\r\n　　“我说玉远，天弟弟是实属的武疯子，不要和他一般见识。”齐玉衡笑着说道，背对着齐天，并没有去阻止玉远的作为，实属有些蔑视。\r\n　　齐天没有理他们两个，绕过了齐玉远。可是没走两步，齐玉远再次拦住了齐天的脚步并鄙视的说道：“你这样很没礼貌，不知道要尊重兄长吗？”说完瞪大着双眼看着齐天。\r\n　　齐天又没有理他们两个，任凭他们怎么惹齐天，就是不搭理。\r\n　　接着齐玉衡说道：“玉远，干嘛要和半天不答一个屁的家伙一般见识。”说完还有些愤怒的样子，让人看着实属欠揍。\r\n　　这下，齐天停下了脚步转身等着齐玉衡说道：“你说谁半天不答一个屁？”\r\n　　话音刚落，演武场的下人和一些旁系子嗣围了上来准备看热闹。\r\n　　“当然是说该说的人，不会说话的人喽！”\r\n　　接着，齐玉衡和齐玉远哈哈大笑了起来。\r\n　　“走了，玉远，我们出去溜达溜达。”接着他俩走欲想走。\r\n　　“站住，你在说一遍试试。”齐天怒道。\r\n　　“呵呵，半天不答一个屁。哈哈。”齐玉衡继续说道：“你能把我怎么的。”说完还带着嚣张的表情。\r\n　　齐天耸了耸肩反而不是生气说道：“那好，我问你一个问题。照你的意思说，你说的话也都是放屁喽？”\r\n　　顿时，周边的旁系子嗣都忍着不敢笑。\r\n　　齐玉衡刚要说话。齐天接着说道：“试问大家，有谁愿意搭理两个只会放屁的人呢？”\r\n　　周边的旁系子嗣忍不住笑了起来。\r\n　　齐玉衡和齐玉远无话可说，脸憋的通红。\r\n　　“还有，我尊不尊重兄长不是你说的算，这点不用你来教我。”齐天指着齐玉远说道：“再说，我尊重的是兄长，不是屁。”\r\n　　这下，周边人笑的更厉害了。\r\n　　齐玉衡和齐玉远也被笑的大骂了起来，同时有点语无伦次：“笑，笑屁笑啊。”\r\n　　突然齐玉远认识到自己说错话了，顿时周边乱成一锅粥，大笑了起来。\r\n　　齐玉衡看到有点招架不住指着齐天的鼻子怒骂道：“你算什么东西，有娘生，没娘养的东西。”\r\n　　这下，齐天忍不住了，一而再再而三的挑衅他，他都忍了。他最恨别人骂娘，他从小就没母亲了，因此他忍不住了。他狠狠的瞪着齐玉衡，牙齿要的紧紧的说道：“你。说。什。么？”\r\n　　齐天一字一顿，显然被人接了伤疤。\r\n　　齐玉衡看着齐天发怒了，想到自己身边有两个人，不时有点得意说道：“我说你有爹生没娘养。”说完便更加得意。\r\n　　顿时，齐天受不了了愤怒的瞪着齐玉衡：“你在说一遍。”\r\n　　齐玉衡看着齐天握紧的拳头和身上紧绷的肌肉，以及发出来的气场压抑，瞬时有点心里发怵。不过还没等到他开口说话，另一边齐玉远说道：“就是说你，齐天，有爹生没娘养。”\r\n　　齐玉衡狠狠的瞪了齐玉远一眼，刚要开口说道道歉，意识到说了不该说的话。\r\n　　但是已经晚了，齐天飞步一拳打在他脸上，身上紧绷的筋肉顿时得到了释放。这可让齐玉衡受苦了，整个脸部鼻子下方嘴巴和腮凹进去了一个拳面，几颗牙齿也顺着身体的倒飞在空中散落了出去。“哎呦”一声整个人重重的瘫倒在地上，旁边散落几颗牙齿，口角留着鲜血和唾液，疼痛的大起滚来。\r\n　　虽然齐家作为五行大陆的武者世家，比不上皇城的几个世家，但是在姜国也是数的上的，在尚阳城也是第一世家。但是齐玉衡虽然也是练武的架子，也比不上被称作“武疯子”的齐天。再说齐天一拳的爆发可想而知，平常的恩怨全都憋到今天终于可以发泄出来。本来今天是想挑衅一下齐天，开开心心出去溜达的，平时都是这样。没想到今天事态却发展到这个地步。\r\n　　周围的旁系子嗣都停止了笑声，愣愣的看呆了。就连一旁的齐玉远没有想到齐天要出手，平时欺负齐天习惯了，基本齐天是不敢动手的。再说了自从齐天的母亲死后，他父亲更是重疾在身，暗伤发作，一蹶不振十年了，在家里早就没有地位可言。但是愣愣的看着地上不断翻滚喊疼的齐玉衡，不免心底有点发虚，一时间不知道怎么办了。殊不知，他们触犯了齐天的逆鳞，龙有逆鳞触着杀之，齐天的逆鳞就是他的父亲母亲。\r\n　　接着，齐天没有理会躺在地上的齐玉衡。转头抓着齐玉远的领子怒视着他。在齐玉远接触到齐天的目光时，想到躺在地上的齐玉衡的惨样，心底更加的发怵。齐天并没有吧他怎么样，只是瞪了一眼后转身捡起地上的衣服随即走了。\r\n　　齐玉远看到齐天走后，身体瞬间没了气力瘫软在了地上，不断的打着哆嗦。', '3', '2015-11-06 00:00:00');
INSERT INTO `forum` VALUES ('45', 'qwe', '夜幕下的光阴', '　时间：2015年7月20日星期一 天气：晴\r\n　　今天是一个风和日丽的日子，和煦的微风拂过，我从家门走出，便看到一张张欢快的脸，如平常一般，我走了大约十分钟便来到省政府办公楼内，跟熟人打过招呼之后，我便朝纪委办公区走了去过。\r\n　　南海省的政府办公大楼集中了该省的大部分政府部门，这是省长高权来到南海后所做的“三件事”之一。\r\n　　高权来到南海省，安排了三件事。第一便是开发，将南海北部郊区的偏僻之地开发出来，成为省重点建设地区。第二便是搬迁，他通过各种途径，将各个大学及各大企业纷纷引进了北区。第三便是整合，原本散布省会滨海市各处的政府职能部门都被高权要求统一进驻省政府办公楼集中办公。\r\n　　总体来看，对于国家对于百姓来说，这三件事情都是无可指责的，确确实实是高权对于国家和人民的功绩。但是，我还是来了。\r\n　　其实，我在省纪委办公室已经工作了近七年，在办公室中，一直都是不大不小，非常不引人注目的职位，然而，如今组织却让我以省纪委书记的身份行事，可见将行之事有多艰巨。\r\n　　纪委办公厅并不大，工作人员也就大约三十来个成员。穿过大厅，我径直走向了办公室。原本，我应该先去高权处报告，却在来的路上接到了秘书小刘的电话，有人已经在办公室等我。我之所以没有先去述职，而是先到办公室，正是因为这个人的名字，刘罪。\r\n　　刘罪是一个人名，也不是一个人名，亦或者人名本身不过也是一种代号。他来自中央！\r\n　　推开办公室的门，一阵耀眼的光让我有些不适应。片刻之后，我便看见办公室所有的窗户都已经大开，而在主窗附近，站着一个人，身体并不怎么壮硕，但却自有一股威严气质透露出来。\r\n　　虽然已经不止一次和刘罪联系过，但见到真人却是头一次，我转身静静将门带上，问道：“你好，请问是刘罪吗？”\r\n　　“我不是刘罪，但刘罪在找你。”来人的声音低沉而沙哑，听起来年纪不小。\r\n　　“我认识刘罪，但从未见过你。”我也应声回答，这是我们之前联系的协商的暗号，他不能透露身份，而我也不能引人怀疑。\r\n　　看我接上了暗号，他缓缓转过身子，我这时才注意到，他竟然是一个年近六旬的老人，头发发白，但身体笔直，一身整洁的西装，显得精神奕奕。\r\n　　老人转过身，仔细看了我半晌，才缓缓说道：“你可知道我为何要亲自来？”\r\n　　“前路艰辛。”我平静地答道。其实，我心中却一点也不平静，需要省纪委书记的身份参与，组织亲自来人下达任务，只怕所行之事，远远超过想象。\r\n　　老人听完，脸上露出一丝赞赏的表情，微笑着点点头，说道：“不贪功，不妄想，居安思危，淡定从容。”\r\n　　听了老人的表扬，我也有些不好意思，说道：“您老还是直说吧。”\r\n　　提到任务，老人放松的表情又再一次凝重起来，不过他没有说话，只是将一张纸递到了我面前，我接过纸条，只看了一眼，心中便是一阵心惊肉跳。\r\n　　纸条上其实并没有多少字，只有两个醒目的黑色宋体字------“高权”。\r\n　　是的，就是高权！\r\n　　这个南海省的传奇人物，能力和才干的代表，如今却列入了组织的名单中。\r\n　　“目前只有这个吗？”我指了指纸条，对老人说道。其实我是在问目前掌握了多少情报，我相信刘罪明白我的意思，这是工作习惯，就算隔墙有耳，也不用担心被目标人物发现或者偷听。\r\n　　“只有这个，”老人微微叹息一声，眼神中闪过一丝悲伤，继续说道，“已经有人摔了。”\r\n　　我心中顿时一惊，摔了的意思，就是有人已经牺牲了！\r\n　　“为什么是我？”我心中疑惑更甚，眼睛紧紧地盯着老人，为什么组织要安排我这样一个新人接受这么棘手的事情。\r\n　　“我只能相信你。”老人没有回避我的目光，他深邃的眼神中也透露着深深的无奈。我心中一动，目前想来，应该是组织里面已经有了高权的人，老人不能确定内鬼是谁，而且我是新人，基本没到组织报道过，只有老人知道我的存在，那么，选我去调查高权，必然是情理之中。\r\n　　“我年纪轻轻，就当上这个职位，只怕难以令人相信。”我看着老人，心中有些疑惑，按照组织的手段，如果这么突兀的将我提到这个位置上，只会令高权更加关注我，一旦他发现有不合理之处，只怕会不停试探和监视我。\r\n　　“你放心吧，既然你能上，就一定有你的道理，别辜负前纪委书记对你的栽培。”老人听到我的提问，马上宽慰我。我明白他的意思，应该是前纪委书记出力不少，而如果将来高权有所怀疑，也只会查到前纪委书记头上，而不会落到组织上。\r\n　　“为何您要亲自来？”老人曾经问我过这个问题，而现在我却不得不问这个问题，我心中有一个想法，一定要找老人求证。\r\n　　“因为，你没有痕迹。”老人似乎有些愧疚，缓缓答道。\r\n　　痕迹，便是档案的意思。\r\n　　到了此刻，我不禁长长出了一口气，组织内有内鬼，只要我有档案，哪怕隐藏再深，也有可能暴露，唯一的方式就是销毁档案。而听老人的语气，似乎我从来就没有入过档案。否则就是应该说“痕迹已经不在”之类。\r\n　　正当我想着入神之时，门外却响起了敲门声。\r\n　　我转头看了老人一眼，便听得老人大声说道：“小庄啊，在组织部调查表上签字就行了，既然有客人来了，我就不打扰了，以后好好干，可别辜负了党和国家的信任。”\r\n　　说罢，老人便和我一起走到办公室门口。\r\n　　我打开门，便看见一个脸型宽厚，个子不高，身材略胖的中年男人，但与一般这种类型的人不同，他的目光并不柔和，反而有一种刚毅和威严，他就是高权。\r\n　　我见高权过来，忙说道：“高省长，我刚打算上您那去，结果办公室来了组织部的领导，所以…”\r\n　　“没关系，我也就过来看看，这第一，中央来的组织部领导，好不容易来咱省里一趟，总要好好招待招待，这第二吧，你刚上新岗位，总归要和省里各部门招呼招呼吧。”高权笑着说道，在得知高权可能是个隐藏很深的贪罪之人后，我总觉得他说话平和中透着一股冷意，似乎要将我和老人都看透一般。\r\n　　“高省长，就不麻烦您啦，我就是个跑腿调查的，飞机已经订好了，马上就要赶去机场啦。”老人家婉言拒绝了高权，这让高权的脸色似乎有些变化，不过转眼，高权又平静了下来，在和我一起送老人走出之后，便要领我去了几个部门会面。\r\n　　如果不是今天老人手中的纸条，这几乎是一个完美的省级领导形象，各个方面似乎无懈可击，我该从哪里开始？\r\n　　刘罪走了，但我的麻烦却刚刚开始。现在这个到处都是监控摄像头的时代，刘罪就这么堂而皇之的过来，难道不怕高权调查？如果他的身份被查出来，只怕我也要惹上不少怀疑吧？难道这是刘罪丢给我的考验？\r\n　　心里这么想着，我便看见高权在我办公室不断扫视着，不一会儿便听到高权说道：“小庄，你刚上任，事情忙也正常，但是办公桌可是一个人形象的代表，可要好好整理啊。”\r\n　　说罢，也不等我回话，高权便拿起办公桌上的文件，一边整理一边说：“现在的年轻人都有些急躁，须知磨刀不误砍柴工，像这种中央来的文件，要放到一块，像……”\r\n　　我心中明白，这高权很显然是在查老人和我之间的线索，如果他看到那张写有高权的纸条，只怕我瞬间便会暴露，心下想着，拽着纸条左手也渗出了不少冷汗。\r\n　　高权似乎看出我有些不自在，笑着对我说道：“小宁啊，别紧张，你看我这人年纪来了就喜欢念叨，没其他意思，对了，你手上抓的是什么啊？也都放下吧，咱等下好好聊聊。”\r\n　　他还是看到我拽紧的双手了，是该出卖刘罪来保全自己？还是先出卖刘罪获得信任，再调查高权？\r\n　　我看着他带着笑容却眼神冰冷地朝我走过来，心下焦急万分，可是我还是决定不了该做哪种选择。然而，总算老天有眼，就在他即将走过来的一瞬间，我突然想到了一个办法。\r\n　　我的表情依然没有变化，平淡地在他面前伸出了右手，手里是一只笔，随即又不着痕迹地将左手展开，纸条便深埋在指缝。\r\n　　高权看了我右手手中的笔，又狐疑地看了我的左手，正待开口，随即门外一个女人的声音响起：“高省长，中央的电话来了。”\r\n　　高权听罢，不再盯着我的左手，而是径直朝门外走去，口中还笑道：“小宁啊，明天咱们再好好谈谈吧，今天我就去先忙去了。”\r\n　　“好的，高省长，明天我去您那里报到。”我心中长出一口气，接道。\r\n　　“哈哈。那我就恭候了。”高权回头跟我握了下手，便消失在纪委办公区中。', '3', '2015-11-06 00:00:00');
INSERT INTO `forum` VALUES ('46', 'wxy', '来自蔷薇的伪天使', '寂雨音晴：米娜桑~我是寂雨音晴，又见面了，这一次，“来自蔷薇的伪天使”可是我们重磅企划！我拉上了我凉心小说家族的小伙伴们一起写，来，让她们介绍一下自己吧。夏沫浅雨：嗨喽，我是夏沫浅雨，叫我浅雨啦~我是凉心的一员，以后就和凉心的小伙伴一起写小说了~夏雪曦：我叫夏雪曦，叫我雪曦就可以啦，我也在凉心当中，我也是很有用的~不要小看我~梦凌：嗯，我是梦凌，可以叫我小凌，凉心这个家族中也有我，希望大家喜欢我们的“来自蔷薇的伪天使”，谢谢。夏沫浅雨：接下来插播一小段人物介绍。寂雨音晴：其实介绍并没有什么用处……梦凌：当然不止这些人物还有其他的，以后会加~\r\n　　——————————————————————————————\r\n　　★主要角色：钟离熙『全校人气最高喜欢沐雨曦，对钟离染只是当亲妹妹对待，经常捉弄沐雨曦，看到沐雨曦生气就很开心』夜魅凉『人气也很高，和冷子轩拍摄着综艺节目，节目上总是笑呵呵的，但是其实从来都是独来独往，充满忧伤，喜欢拉小提琴，深爱沐雨曦，后来和谁在一起你猜~，只是和冷子轩有些来往，喜欢在天台上』安逸晨『喜欢顾筱苒，但是只是默默守护顾筱苒，顾筱苒的男闺蜜，经常帮助顾筱苒，慢慢地喜欢上谁你猜~』沐雨曦『身份保密，来到这个学校只为报仇，和顾筱苒是闺蜜，不愿意承认自己的感情，对夜魅凉有些好奇，喜欢谁你再猜~，对谁藏有爱呢？』顾筱苒『沐雨曦闺蜜，喜欢谁呢？，嫉妒沐雨曦，富家千金』紫璃『学校的校花，天才美女画家，是个颜控，不喜欢和别人交流，经常和植物交流，自言自语的时候会掰断某种东西，被称为“冰美人”，沐雨曦的好闺蜜』\r\n　　★其余角色：慕风『身份保密，喜欢沐雨曦，和沐雨曦有婚约』冷子轩『沐雨曦小学中学同学，沐雨曦喜欢的对象，和夜魅凉拍摄综艺节目，节目上冷冰冰的但其实很腹黑，成绩永远第一』钟离染『杀死过沐雨曦的收养人，是沐雨曦复仇的对象，富家大小姐，钟离熙妹妹，却不是亲生的，喜欢钟离熙，憎恨沐雨曦』白素黎『喜欢夜魅凉，憎恨沐雨曦和顾筱苒，钟离染跟班』陶娜『身世一般，喜欢安逸晨，憎恨顾筱苒，和钟离染关系甚好，只是朋友，深得钟离染信任，钟离染跟班』裕谷宇『白素黎发小，喜欢白素黎，白素黎的朋友，默默帮助白素黎追夜魅凉』陶朗『陶娜弟弟，八九岁的样子，长相也是正太相，许多学姐眼中的“小可爱”』\r\n　　夏雪曦：好了，接下来开始正文！\r\n　　——————————————————————————————\r\n　　夏季炎炎，人们本因在家里休息，但是好多人却都往街上跑，因为“卡洛斯蓝”要开始新一届的招生大会了，说到卡洛斯蓝，可是没有一个人不认识的，全世界最著名的学校就是卡洛斯蓝，卡洛斯蓝是一所贵族学校，就算开着劳斯莱斯去上学都会被嘲笑，因为卡洛斯蓝周围是大海，人们上街就是为了买游轮。不过老师才不管你多穷，只要有才能就可以进校，因此，卡洛斯蓝的学生也是非常之多。\r\n　　“您好，我叫沐雨曦，是来报名这一次的招生大会的。”沐雨曦朝那男老师敬了个礼，然后露出招牌式笑容。那男老师上下打量了一下沐雨曦：精致绝美的五官，浅栗色的长发散披着，一身淡雅的白色连衣裙，配上青白色的小披肩，棕黄色的小皮鞋。『寂雨音晴：不要误解，栗色和棕色差不多，只是更浅一点而已。』估计光说相貌，沐雨曦就可以直接进入学校。“清水出芙蓉”。这是那位男老师首先想到的。“你会什么特长？”男老师抬起头问沐雨曦。“给，老师”。沐雨曦递过去一个证件。上面写着“清华舞蹈大学毕业”。\r\n　　“不错呀，极少有人在这里毕业的。”『夏沫浅雨：纯属自编，真实是没有这所学校的。』\r\n　　“通过，给”男老师把毕业证和一份地图交给了沐雨曦。\r\n　　“谢谢老师”。沐雨曦笑了笑，转过身，没人看见她嘴角那一抹诡异的笑容。\r\n　　不得不说，卡洛斯蓝这所学校真的很大，如果不随身带着地图，肯定会迷路的。\r\n　　“高一6班……诶，这就是高一6班了”沐雨曦一手拿着地图，抬头看着高一6班的教室门：门框上摆着一桶水……\r\n　　“呐，真是谢谢咯”。沐雨曦推开门，果然，一桶水泼在白素黎头上。咦？怎么回事。让我们回到几分钟前……\r\n　　“娜娜，你要加油了，安逸晨虽是暖男，但是也不好追啊”钟离染挽着白素黎和陶娜，陶娜则是拉着陶朗。\r\n　　“染染姐，我知道了，染染姐和素黎也要加油了”陶娜做了一个加油的手势，看着她们。\r\n　　“高一6班……诶，这就是高一6班了”钟离染她们刚好碰见沐雨曦。\r\n　　“喂，你是谁，敢拦我的路，不知道我是谁吗？”钟离染拉着陶娜和白素黎朝沐雨曦嚷嚷。\r\n　　沐雨曦瞟了一眼钟离染，立马做出讨好的样子。“对不起钟离小姐，我给您开门”。沐雨曦嘴角微扬，狐狸，最擅长伪装，狼，已在夜晚出没。\r\n　　“哗————”一开门，一桶水就泼在了钟离染身上。沐雨曦邪笑着，用谁也没有听见的声音说：\r\n　　“怎么样……好受吗……”\r\n　　“钟离小姐，您没事吧？”沐雨曦拿出自己的手帕，给钟离染擦水。\r\n　　“你好~这桶水是谁放的？”白素黎拉住一个班级同学，递出一大把钞票。\r\n　　“我知道，就是他”那个小太妹拿过钞票，指了一个女生。\r\n　　“拉下去，严刑”钟离染瞪了一眼那个女生，拿过沐雨曦的手帕。\r\n　　“看来……没有被发现呢……”沐雨曦低着头，跑向天台。\r\n　　“呼……果然，不开心的时候来天台是最好的选择。”\r\n　　吹着微凉的风，整个人心情也变好。\r\n　　“嗯？”一阵阵忧伤的小提琴声传入沐雨曦的耳边。\r\n　　“和我一样呢……”沐雨曦这样想着，沿着小提琴声找到了声音的来源。那是一个绝美的男子，但是脸上却写满忧伤。那男子似乎也发现了她。\r\n　　“你是……”男子的眼神看向了沐雨曦。\r\n　　“我知道，你是夜魅凉吧？我叫沐雨曦，我在某个综艺节目上看到过你”沐雨曦向夜魅凉笑了笑，伸出了手。\r\n　　夜魅凉迟迟不肯握手，沐雨曦把手收了回来。\r\n　　“可是……你不像电视上那样呢，为什么这么忧伤？”沐雨曦抬头看夜魅凉。\r\n　　“这也没什么，只是父母吵架了而已”夜魅凉绽出一个大大的微笑。\r\n　　“你，父母吵架还能笑得起来吗？”\r\n　　沐雨曦奇怪地看着夜魅凉。\r\n　　“我习惯了，这是常有的事情……”夜魅凉坐下来\r\n　　“但是劝一下，总能听吧？”沐雨曦也坐在夜魅凉身旁。\r\n　　“可是如果我不笑……导演会喊卡……”', '3', '2015-11-06 00:00:00');
INSERT INTO `forum` VALUES ('50', 'wxy', '旋风少女', '胡冰卿、杨洋、陈翔~', '3', '2015-11-25 15:14:01');
INSERT INTO `forum` VALUES ('51', 'wxy', '旅游文化', '中国的美景不计其数，有些景色不只是有着美丽的外貌，更有着独特的文化蕴含。', '6', '2015-12-03 08:42:09');
INSERT INTO `forum` VALUES ('52', 'www', '新版机器人发布', '该机器人可以帮助人们打扫卫生，听、说一些简单的语言，以及出门买东西，功能强大，但是价格昂贵。', '5', '2015-12-03 08:51:21');
INSERT INTO `forum` VALUES ('53', 'www', '您好，父亲。', '忘不了您牵着我的手走过马路的那个瞬间，忘不了小时候累了撒娇让您被我回家的那个镜头。总是觉得您高高大大的，却不知道什么时候开始，我的眼睛渐渐与您平视了。', '4', '2015-12-03 09:01:33');
INSERT INTO `forum` VALUES ('54', 'kkk', '要对学习有着永久的热情。', '不知道大家有没有过这样，当你开始想做好一件事，就会不管不顾的坚持到底，虽然苦点，但是你会觉得特别的开心，充实就是一种幸福吧。当觉得学习枯燥了，不要气馁，要相信现在的磨练是以后幸福所必须经历的，千难万难，只要不放弃，便没有什么做不到的。', '1', '2015-12-04 09:15:41');
INSERT INTO `forum` VALUES ('55', 'kkk', '我该怎么办', '你是否想过，当几十年后，我们不再年轻，甚至不再活在这个世上，我们这一生所拥有的所经历的，是不是都会烟消云散。有时候觉得这一辈子过得挺有意思，恨不得把每一分钟就记录下来留着以后好好欣赏，但是事实往往是忙着赶路，忘记了驻足留恋。现在的我经常感伤以后该怎么办，亲人、朋友都会离我而去，等我花甲之年，我还剩下什么，我无法预知未来，所以我经常充满了不安。', '4', '2015-12-04 09:19:11');
INSERT INTO `forum` VALUES ('56', 'www', '计算机语言', '计算机语言有好多种，首先最基础的应该是c语言，每一个入门都要从这个开始。但是总的来说，我感觉似乎Java比c语言更容易些，大概主要是因为没有指针之类的内容吧，Java语言似乎更有灵性，能知道你想干什么，然后帮助你实现目标，随着时代的发展，Java语言越来越受欢迎。', '1', '2015-12-04 09:22:06');
INSERT INTO `forum` VALUES ('57', 'www', '曾经想长大的我，现在不想长大。', '记得小时候，总想着快快长大，那样就可以不用被爸妈管了，就可以自由自在的，吃自己喜欢吃的东西，去自己喜欢去的地方，和喜欢的人在一起，做自己喜欢做的事。可是渐渐长大，却发现现实并不是自己想的那么好。长大了，除了在家里，别人不会再把你当个小孩子，你要学会圆滑做人，圆滑处事，你要和别人打交道，你也要面对社会上形形色色的人，做自己不要以做的事。没办法，这就是长大，如果不学会这些，那你将融入不进社会。现在的你，该学会面对这些了。', '4', '2015-12-04 09:27:09');
INSERT INTO `forum` VALUES ('58', 'www', '加油，少年！', '你要相信无论发生什么，只要你还有颗向着太阳的心，那么你永远都不会觉得寒冷。加油吧，无论遇到什么困难，坚持下去就是胜利。', '4', '2015-12-04 09:29:03');
INSERT INTO `forum` VALUES ('59', 'wer', '怎样学好语文', '语文是一门重要的工具学科，是人类语言的基础，所以学好语文是至关重要的。  \r\n要想学好语文最重要的是培养兴趣。同学门都认为语文是一门很枯燥的学科，灵活性差，知识太死。其实不然，语文的特点主要有三：一是开放性。语文的外延和生活相等，生活的任何内容都离不开语文，只要有意识地学习，在生活的任何场合都可以学到语文。因而语文具有最便于自学的突出特点。二是情感性。“文章不是无情物。”不仅文章，就连我们民族的文字也个个充满着感情色彩。教师带着感情教，才有可能教好；学生带着感情学，才有可能学好。离开了感情因素去单纯地学知识，是导致学生对语文厌学的重要愿意之一。三是灵活性。语文学科的知识体系不像其他学科那样呈现线形或链条形排列，而是螺旋式上升。因而语文学习的循序渐进、由浅入深，不是很严格的，是相对而言的。学习语文不能搞自我封闭，机械死板的学。  \r\n那么，怎样才能更好的掌握语文这门学科呢？  \r\n一、学好课本知识。  \r\n课本知识是语文的基础，打好基础才能更好的学习它。有不少学生认为只要上课时专心听讲，勤记笔记，课后认真完成作业，再加上自觉复习，就能使成绩提高。其实，这还不够。学习的最重要阶段是预习。也就是说在老师上课之前，你先得自己学习一下课文，在预习中要尽量运用你已经获得的知识和方法去主动地解决自己能解决的问题，把不懂的问题记下来，在上课时跟老师、同学一起学习讨论。课本要反复阅读，直到把问题看的透彻了、明白了。为了巩固知识，你最好在课下做一些练习，知识才会掌握的更牢固。这样不仅学习效果好，而且培养了自己的学习能力。  \r\n二、注意课外积累。  \r\n知识就像海洋，课本里的知识只是海面上的一个浪花，是远远不能满足我们的需求的，所以适当的课外阅读是很有必要的。进入了紧张的学习阶段，我们不可能再有大量的课余时间进行阅读，因此，阅读时要有选择。我们应广泛浏览各种书籍和报纸杂志，从电视、广播、网络上获取信息，并有条理的做下笔记。要关心社会生活，了解社会动态，使自己的思想要不断进步。这样不仅能使我们积累更多知识，更能丰富我们的生活。  \r\n三、加强写作训练。  \r\n我们学习语文的一个重要目的就是写作。提高写作能力要从点点滴滴做起。课外积累是写作的基础，要学会对文章的细读，精彩的篇章最好能背诵。如果腹内空空，是写不出好文章的。除此之外，注意观察生活、感悟生活，坚持不懈的记日记，有感而发的写随笔，都是帮助我们写好作文的有效途径。写好的作文要反复修改，也可以请教老师、同学的意见，精益求精。  \r\n希望你能树立正确的学习目的，掌握基本的学习方法，从现在开始，长期坚持，以日积月累之功，收水到渠成之效。', '1', '2015-12-04 09:35:34');
INSERT INTO `forum` VALUES ('60', 'wer', '为什么要学习语文？', '要说怎样学语文，就必须明确你学语文干什么。如果你学语文是为了语文考试成绩好，那我没什么可说的，你们老师已经说得够好够多的了。我说也还是那一套。我基本上不反对老师们说的那些，我自己也是按照那些经验一直保持语文考试的高成绩的。但如果你学语文不是为了考试好，或者不仅仅是为了考试好，那我可能会有几句另类的话跟你说。当然，这二者并不一定是矛盾的，现在有矛盾，这是我们当前的教学机制和教育体制的僵化所造成的。我学语文那时候，老师和课本，都比现在要实在和善良多了。 \r\n\r\n首先，我唱个高调，学习不是为了考试。你要跟我抬杠，我也不理你。反正我告诉你，专门为了考试而学习的人，考试大都不好。少数考试好了，以后也没出息。因为在只为了考试的千百次训练中，他已经把人格训练坏了，他专门投其所好，没有独立思考。他的一生都可能只是个投机取巧的坏人，他对社会只有破坏，没有创造。而不为了考试，也不一定就能考好。就好象专门想当叛徒的人，人家不一定稀罕要你;立志不当叛徒的人，人家也不一定非得抓你。所以，这是一个人格的选择，不是方法的选择。 \r\n\r\n第二，你要明白语文是什么。语文不是跟数学物理化学历史地理政治并列的一个学科，你要那样看待它，那你就一定学不好。要知道，语文是一切，覆盖一切，穿透一切。语文所训练的是人对一切文明符号的理解力和创新力。语文学好了，干什么都摧枯拉朽，势如破竹。语文学不好，干什么都愚昧弱智。你看我们古人一天到晚不就是学“语文”吗?学完了就什么都能干，判案子，修水利，打鬼子，搞经济，堂堂五千年中华文明不都建立在“语文”上吗?一切其他学科，不都是用语文表达出来的吗?离开语文，就如同虎毛离开虎皮，一风吹散，啥价值也没有。所以，你必须以对待整个人生的态度来对待语文，才能学好语文。 \r\n\r\n第三，语文教学体系所教给你的“语文”，是一群中国的弱智人为了他们的饭碗而强加给你们和你们的老师的。他们自己的语文水平很差，没有几个思想有水平说话有水平或者写文章有水平，没有几个敢无耻地站出来跟批评他们的好汉比一比。你们每所学校里的语文尖子、作文尖子都比他们强。我这样说不是贬低他们，我也理解他们工作的辛苦，他们也不是故意毁你们，他们是没办法，只能躲在阴暗的角落里用一颗“善良”的心拼命做野蛮的事。这样怎么办呢?这就需要你自己救自己。你就不要总跟他们过不去了，要尊重他们的劳动，体谅他们的辛苦。好比武松拜了宋江做武术指导，怎么办呢?造反是不对的，只好自己另起炉灶吧。这回就该明白，语文乃是在“语文书”以外了。 \r\n\r\n第四，其实，学好语文很容易。随手教你几招，不怕你扩散，就怕你做不到。一、每天写日记，要写那种不给任何人看的日记，每天就写100字，不多不少。写到一千回，下笔如有神。二、大搞文字游戏，开玩笑，猜谜语，写对联，填诗词，给所有老师起外号。嬉笑怒骂，激扬文字，把语言玩得山穷水尽。到那时，看语文书上的课文如同老叟戏顽童，老牛吃嫩草，什么语文考试，作文竞赛，简直不堪一击。三、进行背字词、背诗文比赛。电脑里存盘的资料多，可调用的东西就多。同理，你多背些古今中外死人活人的东西，不用思索，“语文”就顺口而出了。不要死记硬背，要边背边用，活背活用，急背急用，立竿见影。以肚子里东西多为荣，君子耻一物之不知，连说一百个成语不重样，假装深沉是蠢驴……明白了吗? \r\n\r\n语文就是思想，语文就是生活，语文就是你这个人。学习语文，就是在塑造自己的灵魂。你要明白了这个道理，语文很快就学好了，也就是说，很快就进化到人了。不明白，我再写十万字，你还是个猴子。', '1', '2015-12-04 09:36:47');
INSERT INTO `forum` VALUES ('61', 'kkk', '预习于学习', '要掌握学习的方法\r\n\r\n                                               \r\n      在我们的生活中，时时处处都在讲究方法，认识思考、工作劳动、体育运动、\r\n生活起居也讲究方法。学习是手脑并用，身心共济的复杂的活动当然更要讲究方法。\r\n法国生理学家贝尔纳曾经说过“良好的方法能使我们更好地发挥运用天赋的才能，\r\n而拙劣的方法则可能阻碍才能的发挥。”古人也说过这样的话：“得其法者事半功\r\n倍，不得其法者事倍功半。”大科学家爱因斯坦还有一个著名的公式，叫做：Ｗ（\r\n成功）＝Ｘ（刻苦努力）＋Ｙ（方法正确）＋Ｚ（不说空话）。这里也强调了使用\r\n正确方法的重要意义。联合国科教文组织国际发展委员会编著的《学会生存》一书\r\n中指出：未来的文盲，不再是不识字的人，而是不会学习的人。因此，我们从小就\r\n应该培养自己成为能运用学习方法，去主动地获取需要的知识、会学、善学的人。\r\n而不要成为只会被动地接受知识的“死读书”、“读死书”的人。\r\n\r\n \r\n怎样预习课文\r\n\r\n                                                   \r\n    有不少小朋友认为只要上课时专心听讲，勤记笔记，课后认真完成作业，再加\r\n上自觉复习，就能使成绩提高。其实，这还不够。叶圣陶老爷爷说过：练习阅读的\r\n最重要阶段是预习。也就是说在老师上课之前，你先得自己学习一下课文，在预习\r\n中要尽量运用你已经获得的知识和方法去主动地解决自己能解决的问题，把不懂的\r\n问题记下来，在上课时跟老师、同学一起学习讨论。这样不仅学习效果好，而且培\r\n养了自己的自学能力。有了这种能力，即使以后没有老师教你，你自己也人看书学\r\n习了。为了帮助小朋友掌握预习的方法，我把预习的方法和过程编成一个顺口溜，\r\n帮助你记忆和运用。\r\n    遇到生字查字典，读准字音，分清字形，组成词语划条线。联系上下文，据词\r\n来定义，然后动手写几遍，字形字义牢牢记。先将课文读一遍，主要讲什么，心中\r\n有个底。再将课文细细读，每节讲什么，概括成一句，内容相同合一段，掌握规律\r\n性，分段要合理。认真读课文，仔细想问题，课后提示作参考，学会自己提问题。\r\n读、划、批、注好办法，不动笔墨不看书。\r\n\r\n \r\n汉语拼音中大写字母的用法\r\n\r\n                                       \r\n    汉语拼音的第一个字母有时要大写，归纳起来主要有下面几种情况：\r\n    ⒈汉语人名：姓的第一个字母和名的第一个字母要大写。如ＺhangＨui（张辉）\r\nＺ和Ｈ要大写。姓和职务、称呼等组成词语时，姓的开头第一个字母要大写，其余\r\n字母小写。如Ｗang lao shi（王老师）Ｗ要大写。但“老”、“小”、“大”、 \r\n“阿”等称号。开头第一字母也要大写。如Ｘiao liu（小刘）Ｘ、Ｌ要大写。 \r\nＬao Ｑian（老钱）Ｌ、Ｑ要大写。Ａ  Ｓan(阿三）。Ａ和Ｓ要大写。 \r\n    ⒉汉语地名、专有名词（如书名、机关、团体等）的第一个字母要大写。如Ｂ\r\nei jing（北京）Ｂ要大写，Ｓhang hai（上海），Ｓ要大写，Ｎing bo （宁波）Ｎ\r\n要大写。如专有名词是词组，要按词连写，每个词的第一个字母要大写。如Ａhonghua\r\nＲennin Ｇongheguo（中华人民共和国），中华的第一个字母Ｚ，人民的第一个字母\r\nＲ，共和国的第一个字母Ｇ都要大写。\r\n    ⒊每个整句开头的第一个字母要大写；如果是诗歌，每行开头第一个字母也要\r\n大写。\r\n    ⒋商标和商店的名字，一般每个字母都大写。\r\n', '1', '2015-12-04 09:38:00');
INSERT INTO `forum` VALUES ('62', 'wxy', '语文基础怎样巩固？', '怎样记字母表顺序\r\n\r\n                                               \r\n    汉语拼音字母采用的是国际通用的拉丁字母，共２６个。它们排列的顺序也和\r\n拉丁字母一样。它们的读音也有规律可循。下面介绍两种识记的方法：\r\n    ⒈记住字母的名称和读音。Ａ、Ｏ、Ｅ、Ｉ、Ｕ这五个字母的名称和Ｄ单韵线\r\n的读音一样。其余的字母，因为它们的本音发音不够响亮，困此要在它们的前面或\r\n后面加进^e或a，使发音更加清楚，响亮。如Ｂ、Ｃ、Ｄ、Ｇ、Ｊ、Ｋ、Ｍ、Ｐ、\r\nＴ、Ｙ、Ｚ。均在后边加上e^韵；Ｆ、Ｌ、Ｎ、Ｓ则在前边加e^，读作e^Ｆ、e^Ｓ、\r\ne^Ｌ；Ｈ、Ｗ、Ｙ后面加上工韵，读作Ｈa`Ｗa、Ｙa；此外，Ｒ读作ar，Ｘ读作xi，\r\nＱ读作qiu。\r\n   \r\n \r\n怎样辨析形近字母\r\n\r\n                                               \r\n\r\n    在汉语拼音中，有几个字母的形状十分相似，初学拼音的小朋友特别容易搞错，\r\n下面介绍你几种辨析的方法：\r\n    ⒈区别基本笔画的位置的方向。如b、d、p、q、a，它们都带有一个半圆，b 和\r\nd半圆在下，p和q半圆在上；b和p半圆在右，d和q半圆在左。u和n刚好相反，u的缺\r\n口朝上，n的缺口朝下。\r\n    ⒉区别笔画的字少。如m和n，m比n多一笔，u比u多两点。\r\n    ⒊区别笔画的形状。如w和u，w的下面是尖的，而u  下面是圆的；w和m，w的缺\r\n口在上，下面是尖的，m的缺口朝下，上面是圆的。\r\n    ⒋形象辨析。把字形特征与具体实物联系起来记。如把n看作一道大门，把m 看\r\n作两道大门，把k看作机关枪，把h看作小椅子，把r看作小豆芽，把y看作是树叉。\r\n    编顺口溜帮助辨析的记忆。如一扇大门nnn，两扇大门mmm，收听广播bbb， 脸\r\n盆泼水ppp，弯钩朝上fff，弯钩朝下ttt，一根小棒lll，马儿跑来ddd。\r\n\r\n \r\n怎样辨析同义词\r\n\r\n                                                 \r\n\r\n    同义词包括近义词。辨析同义词可从以下几方面去考虑：\r\n    ⒈从感情色彩上进行辨析。也就是从词的褒贬义去辨析。如“顽强”与“顽固”\r\n前者表示赞许，后者则表示憎恨。\r\n    ⒉从语意轻重上进行辨析。如“破坏”与“摧毁”前者程度浅，后者程度深。\r\n    ⒊从范围大小上进行辨析。如“战争”与“战斗”前者范围大，后者范围小。\r\n    ⒋从“具体”与“概括”的不同进行辨析。如“衣服”与“衬衫”，“衣服”\r\n是概括性的，指还有衣服，而“衬衫”是具体的，可以指长袖衬衫或短袖衬衫，男\r\n式衬衫或女式衬衫等。\r\n    ⒌从指对象的不同去辨别。如“沉重”与“繁重”，都有分量重的意思，但“\r\n沉重”指精神或思想负担重，而“繁重”则指工作、任务的数量重。\r\n    ⒍还可以从普通话和方言，如“讨饭”与“乞丐”，口头语与书面语，如“爸\r\n爸”与“父亲”，旧词与新词，如“薪水”与“工资”，外来语与本民族词，如“\r\n水门汀”和“水泥”常用语和专门术语，如“盐”和“氯化钠”等几方面进行辨析。\r\n\r\n \r\n怎样找反义词\r\n\r\n                                                   \r\n    意义相反的词叫反义词，寻找反义词是否可从以下几方面着手：\r\n    ⒈从词的音节去寻找。反义词的音节一定要和对应的词相等。如“强”是单音\r\n节的，它的反义词也必须是单音节的“弱”。\r\n    ⒉从词的范围去找。反义词所指的范围应该是相同的，如“强壮”是指人的体\r\n质，它的反义词应找“瘦弱”，而不能找“软弱”。\r\n    ⒊从词的性质去找。词按性质又分为名词、动词、形容词等。一对反义词的词\r\n性必须是相同的。如“黑暗”是形容词，它的反义词也应是形容词“光明”，如果\r\n用“亮光”就不对了。因为“亮光”是名词。\r\n    ⒋从不同的语言环境中去寻找。有的词是反义词，词义不同，它的反义词也不\r\n同。如：\r\n    这鱼很新鲜。这句中的“新鲜”的反义词应是“腐烂”\r\n    这是一件新鲜事。这句中的“新鲜”的反义词应是“陈旧”\r\n    早晨的空气很“新鲜”。这句中的“新鲜”的反义词应是“混浊”\r\n', '1', '2015-12-04 09:39:09');
INSERT INTO `forum` VALUES ('63', 'wxy', '怎样才算心理健康？', '1、充分的安全感。 \r\n　　安全感是人的基本需要之一，如果惶惶不可终日，人便会很快衰老。抑郁、焦虑等心理，会引起消化系统功能的失调，甚至会导致病变。 \r\n \r\n　　2、充分了解自己，对自己的能力做出恰如其分的判断。 \r\n　　如果勉强去做超越自己能力的工作，就会显得力不从心，于身心大为不利。由于超负荷的工作，甚至会给健康带来麻烦。 \r\n \r\n　　3、生活目标切合实际。 \r\n　　由于社会生产发展水平与物质生活条件有一定限度，如果生活目标定得太高，必然会产生挫折感，不利于身心健康。 \r\n \r\n　　4、与外界环境保持接触。 \r\n　　因为人的精神需要是多层次的，与外界接触，一方面可以丰富精神生活，另一方面可以及时调整自己的行为，以便更好地适应环境。 \r\n \r\n　　5、保持个性的完整和和谐。 \r\n　　个性中的能力、兴趣、性格与气质等各种心理特征必须和谐而统一，方能得到最大的施展。 \r\n \r\n　　6、具有一定的学习能力。 \r\n　　现代社会知识更新很快，为了适应新的形势，就必须不断学习新的东西，使生活和工作能得心应手，少走弯路，以取得更多的成功。 \r\n \r\n　　7、保持良好的人际关系。 \r\n　　人际关系中，有正向积极的关系，也有负向消极的关系，而人际关系的协调与否，对人的心理健康有很大的影响。 \r\n \r\n　　8、能适度地表达和控制自己的情绪。 \r\n　　人有喜怒哀乐不同的情绪体验。不愉快的情绪必须释放，以求得心理上的平衡。但不能发泄过份，否则，既影响自己的生活，又加剧了人际矛盾，于身心健康无益。 \r\n \r\n　　9、有限度地发挥自己的才能与兴趣爱好。 \r\n　　人的才能和兴趣爱好应该充分发挥出来，但不能妨碍他人利益，不能损害团体利益，否则，会引起人际纠纷，徒增烦恼，无益于身心健康。 \r\n \r\n　　10、在不违背社会道德规范下，个人的基本需要应得到一定程度的满足。 \r\n　　当然，必须合法，否则将受到良心的谴责、舆论的压力乃至法律的制裁，自然毫无心理健康可言。 ', '4', '2015-12-04 09:40:30');
INSERT INTO `forum` VALUES ('64', 'wxy', '十种正常的异常心理', '精神正常并不意味着没有一点问题，关键是这些症状的产生背景、持续时间、严重程度以及对个体和环境的不良影响如何。正常人也可能出现短暂的异常现象，时间短、程度轻，尚不能贴上精神病的标签.1、疲劳感：通常有相应的原因，持续时间较短，不伴有明显的睡眠和情绪改变，经过良好的休息和适当的娱乐即可消除。 \r\n \r\n　　2、焦虑反应：焦虑反应是人们适应某种特定环境的一种反应方式。但正常的焦虑反应常有其现实原因(现实性焦虑)，如面临高考，但可随着事过境迁而很快缓解。 \r\n \r\n　　3、类似歇斯底里现象：多见于妇女儿童。有女性和丈夫吵架尽情发泄、大喊大叫、撕衣毁物、痛打小孩，甚至威胁自杀。儿童可有白日梦、幻想性谎言表现，把自己幻想的内容当现实。 \r\n \r\n　　这是由于中枢神经系统发育不充分、不成熟所致。 \r\n \r\n　　4、强迫现象：有些脑力劳动者，特别是办事认真的人反复思考一些自己都意识到没有必要的事，如是不是得罪了某个人，反复检查门是否锁好了等。但持续时间不长，不影响生活工作。 \r\n \r\n　　5、恐怖和对立：我们站在很高但很安全的地方时仍会出现恐怖感，有时也想会不会往下跳，甚至于想到跳下去是什么情景，这种想法如果很快得到纠正不再继续思考，属正常现象。 \r\n \r\n　　6、疑病现象：很多人都将轻微的不适现象看成严重疾病，反复多次检查，特别是当亲友、邻居、同事因某病英年早逝和意外死亡后容易出现。但检查如排除相关疾病后能接受医生的劝告，属正常现象。 \r\n \r\n　　7、偏执和自我牵挂：任何人都有自我牵连倾向，即假设外界事物影射着自己特别是对自己不利影响，如走进办公室时，人们停止谈话，这时往往会怀疑人们在议论自己。这种现象通常是一过性的，而且经过片刻的疑虑之后就会省悟过来，其性质和内容与当时的处境联系紧密。 \r\n \r\n　　8、错觉：正常人在光线暗淡，恐惧紧张及期待等心理状态下可出现错觉，但经反复验证后可迅速纠正。成语“草木皆兵”、“杯弓蛇影”等均是典型的例子。 \r\n \r\n　　9、幻觉：正常人在迫切期待的情况下，可听到“叩门声”、“呼唤声”。经过确认后，自己意识到是幻觉现象，医学人士称之为心因性幻觉。不正常人在睡前和醒前偶有幻觉遗言，不能视为病态。 \r\n \r\n　　10、自笑、自言自语：有些人在独处时自言自语甚至边说边笑，但有客观原因，能选择场合，能自我控制，属正常现象。', '4', '2015-12-04 09:41:04');

-- ----------------------------
-- Table structure for `forumclassify`
-- ----------------------------
DROP TABLE IF EXISTS `forumclassify`;
CREATE TABLE `forumclassify` (
  `id` int(200) NOT NULL AUTO_INCREMENT,
  `classify` varchar(20) NOT NULL,
  `createtime` datetime NOT NULL,
  PRIMARY KEY (`id`)
) ENGINE=InnoDB AUTO_INCREMENT=9 DEFAULT CHARSET=utf8;

-- ----------------------------
-- Records of forumclassify
-- ----------------------------
INSERT INTO `forumclassify` VALUES ('1', '学科', '2015-11-03 00:00:00');
INSERT INTO `forumclassify` VALUES ('2', '名著', '2015-11-03 00:00:00');
INSERT INTO `forumclassify` VALUES ('3', '小说', '2015-11-03 00:00:00');
INSERT INTO `forumclassify` VALUES ('4', '心理', '2015-11-03 00:00:00');
INSERT INTO `forumclassify` VALUES ('5', '科技', '2015-11-03 00:00:00');
INSERT INTO `forumclassify` VALUES ('6', '论文', '2015-11-03 00:00:00');
INSERT INTO `forumclassify` VALUES ('7', '古籍', '2015-11-03 00:00:00');
INSERT INTO `forumclassify` VALUES ('8', '外文', '2015-11-03 00:00:00');

-- ----------------------------
-- Table structure for `trace`
-- ----------------------------
DROP TABLE IF EXISTS `trace`;
CREATE TABLE `trace` (
  `tid` int(200) NOT NULL AUTO_INCREMENT,
  `tcreator` varchar(20) NOT NULL,
  `tfid` int(200) NOT NULL,
  `tcontent` varchar(20000) NOT NULL,
  `tcreatetime` datetime NOT NULL,
  PRIMARY KEY (`tid`),
  KEY `tfid` (`tfid`) USING BTREE,
  CONSTRAINT `forum_trace` FOREIGN KEY (`tfid`) REFERENCES `forum` (`fid`) ON DELETE CASCADE ON UPDATE CASCADE
) ENGINE=InnoDB AUTO_INCREMENT=91 DEFAULT CHARSET=utf8;

-- ----------------------------
-- Records of trace
-- ----------------------------
INSERT INTO `trace` VALUES ('1', 'abc', '1', '是啊，学英语最重要的就是多读多说了，就像小时候学习说话一样。', '2015-11-23 10:21:51');
INSERT INTO `trace` VALUES ('2', 'wxy', '1', '可是单词总是背不过啊，背了就忘，愁人。', '2015-11-23 19:46:49');
INSERT INTO `trace` VALUES ('6', 'www', '2', '就是，高数太难学了。', '2015-11-23 20:08:09');
INSERT INTO `trace` VALUES ('13', 'yy', '12', '最害怕面对挫折了，虽然我知道这样的心态真的不好。', '2015-11-24 16:45:48');
INSERT INTO `trace` VALUES ('14', 'yy', '21', '英语好愁人。', '2015-11-24 16:51:35');
INSERT INTO `trace` VALUES ('15', 'ppp', '7', '蔺相如真的太厉害了。', '2015-11-24 16:54:15');
INSERT INTO `trace` VALUES ('16', 'wxy', '6', '好看的文章！', '2015-11-24 16:58:08');
INSERT INTO `trace` VALUES ('17', '123', '8', '好悲啊，太可怜了。', '2015-11-24 16:58:42');
INSERT INTO `trace` VALUES ('18', 'www', '26', '相比之下我们小时候真幸福，该知足了。', '2015-11-24 16:59:20');
INSERT INTO `trace` VALUES ('19', 'abc', '3', '好想爸爸妈妈啊。', '2015-11-24 16:59:57');
INSERT INTO `trace` VALUES ('20', 'www', '5', '真不愧是四大名著！', '2015-11-24 17:00:28');
INSERT INTO `trace` VALUES ('21', 'ppp', '10', '浪费电什么的太让人讨厌了。', '2015-11-24 17:00:59');
INSERT INTO `trace` VALUES ('22', 'wxy', '8', '对啊，明明这么相爱最后却不能在一起，感觉好像梁山伯与祝英台。', '2015-11-24 17:06:00');
INSERT INTO `trace` VALUES ('23', 'abc', '9', '现在好多下载的文件就有病毒，真讨厌。', '2015-11-24 17:09:40');
INSERT INTO `trace` VALUES ('24', 'www', '7', '蔺相如太厉害了。', '2015-11-24 17:10:25');
INSERT INTO `trace` VALUES ('25', 'yy', '11', '还是小时候的感觉好。', '2015-11-24 17:11:17');
INSERT INTO `trace` VALUES ('26', 'www', '13', '多学习才能收获更多，真的~', '2015-11-24 17:11:58');
INSERT INTO `trace` VALUES ('27', 'wer', '14', '说的真的很对~', '2015-11-24 17:12:41');
INSERT INTO `trace` VALUES ('28', 'lxn', '15', '好好关心他人~', '2015-11-24 17:13:55');
INSERT INTO `trace` VALUES ('29', 'www', '16', '为了自己的未来努力吧。', '2015-11-24 17:14:50');
INSERT INTO `trace` VALUES ('30', 'mm', '17', '现在都不记得小时候的梦想是什么了。', '2015-11-24 17:15:25');
INSERT INTO `trace` VALUES ('32', 'qqq', '19', '最爱数学，比英语好多了。', '2015-11-24 17:17:07');
INSERT INTO `trace` VALUES ('33', 'www', '20', '感觉还是少了些动力~', '2015-11-24 17:17:38');
INSERT INTO `trace` VALUES ('34', 'mm', '22', '真棒~', '2015-11-24 17:18:28');
INSERT INTO `trace` VALUES ('35', 'lzs', '23', '收了，谢谢~', '2015-11-24 17:19:07');
INSERT INTO `trace` VALUES ('36', 'kily', '24', '农村发展的还是很快的~', '2015-11-24 17:19:49');
INSERT INTO `trace` VALUES ('37', 'www', '25', '真不知道有些人好几天不喝水是怎么过的~', '2015-11-24 17:20:24');
INSERT INTO `trace` VALUES ('38', 'kkk', '27', '生命最重要，活着就不怕任何事情。', '2015-11-24 17:21:08');
INSERT INTO `trace` VALUES ('39', 'www', '28', '从小我也是很内向，习惯了~', '2015-11-24 17:21:58');
INSERT INTO `trace` VALUES ('40', 'kkk', '29', '小时候老师逼我们被这些，太痛苦了。', '2015-11-24 17:22:39');
INSERT INTO `trace` VALUES ('41', 'kkk', '30', '鱼我所欲也，熊掌亦我所欲也，二者都想得兼~~~', '2015-11-24 17:23:36');
INSERT INTO `trace` VALUES ('42', 'ppp', '31', '文言文有的还是挺有意思的。', '2015-11-24 17:24:10');
INSERT INTO `trace` VALUES ('43', 'fdg', '32', '问说~又问又说~', '2015-11-24 17:25:04');
INSERT INTO `trace` VALUES ('44', 'www', '33', '一点都看不懂~', '2015-11-24 17:25:26');
INSERT INTO `trace` VALUES ('45', 'www', '34', '感觉英语是一种挺美的语言~', '2015-11-24 17:26:16');
INSERT INTO `trace` VALUES ('46', 'ppp', '35', '那些年，那些年~', '2015-11-24 17:27:47');
INSERT INTO `trace` VALUES ('47', 'wer', '36', '只要坚持了就没有完不成的事！', '2015-11-24 17:29:45');
INSERT INTO `trace` VALUES ('48', 'www', '37', 'Very good！', '2015-11-24 17:30:51');
INSERT INTO `trace` VALUES ('49', 'www', '38', '好唯美啊，赞赞赞！', '2015-11-24 17:31:19');
INSERT INTO `trace` VALUES ('50', 'www', '39', '父爱母爱都很伟大，好想老爸老妈~', '2015-11-24 17:32:07');
INSERT INTO `trace` VALUES ('51', 'yy', '40', '现在科技发展太快了。。。', '2015-11-24 17:32:47');
INSERT INTO `trace` VALUES ('52', 'ppp', '41', '好厉害~', '2015-11-24 17:33:12');
INSERT INTO `trace` VALUES ('53', 'sdf', '42', '什么都让机器人干了，以后还能找到工作么？', '2015-11-24 17:33:50');
INSERT INTO `trace` VALUES ('54', 'www', '43', '三年，有几个三年~', '2015-11-24 17:34:27');
INSERT INTO `trace` VALUES ('55', 'lxn', '44', '写的真好~', '2015-11-24 17:34:55');
INSERT INTO `trace` VALUES ('56', 'lzs', '45', '赞赞赞~', '2015-11-24 17:35:43');
INSERT INTO `trace` VALUES ('57', 'xx', '46', '真好看，写的太棒了~', '2015-11-24 17:36:42');
INSERT INTO `trace` VALUES ('59', 'pce', '37', '写的真不错~', '2015-11-24 17:39:28');
INSERT INTO `trace` VALUES ('60', 'xx', '9', '病毒还分这么多种啊，第一次知道。。。', '2015-11-24 21:27:53');
INSERT INTO `trace` VALUES ('61', 'xx', '2', '其实有时候数学也挺有意思的。', '2015-11-24 21:57:01');
INSERT INTO `trace` VALUES ('62', 'qwe', '3', '趁着年轻多陪陪爸妈吧~', '2015-11-24 21:58:02');
INSERT INTO `trace` VALUES ('63', 'kkk', '11', '真的好对不起爸妈啊~~~', '2015-11-24 21:59:42');
INSERT INTO `trace` VALUES ('64', 'qwe', '27', '活着多好，真不知道那些放弃生命的人是怎么想的，有什么过不去的啊。', '2015-11-24 22:35:43');
INSERT INTO `trace` VALUES ('65', 'abc', '5', '文言文有韵味，但是看起来有点费劲~', '2015-11-24 22:39:35');
INSERT INTO `trace` VALUES ('66', 'wer', '6', '拍电视剧拍毁了，不喜欢。', '2015-11-24 22:42:17');
INSERT INTO `trace` VALUES ('67', 'wxy', '15', '选择困难症太痛苦了~', '2015-11-25 14:22:35');
INSERT INTO `trace` VALUES ('68', 'lxn', '37', '都好有道理啊，收藏了。', '2015-11-25 14:26:55');
INSERT INTO `trace` VALUES ('76', 'qwe', '50', '演的真好看~', '2015-11-25 15:14:15');
INSERT INTO `trace` VALUES ('77', 'mm', '37', '说的挺好的，但振作做到的人有几个？', '2015-11-27 08:22:28');
INSERT INTO `trace` VALUES ('79', 'pce', '41', '什么也不懂。', '2015-11-27 08:37:26');
INSERT INTO `trace` VALUES ('80', 'xx', '32', '好多不认识的字。', '2015-11-27 08:38:37');
INSERT INTO `trace` VALUES ('81', 'yy', '42', '不明觉厉！', '2015-11-27 08:41:00');
INSERT INTO `trace` VALUES ('82', 'lzs', '40', '不得不说人真聪明~', '2015-11-27 21:51:31');
INSERT INTO `trace` VALUES ('83', 'wxy', '51', '对啊，就像龙门石窟之类的，太让人震撼了。', '2015-12-03 08:42:52');
INSERT INTO `trace` VALUES ('84', 'mm', '52', '机器越来越像人，人越来越像机器。', '2015-12-03 08:52:09');
INSERT INTO `trace` VALUES ('85', 'lzs', '15', '当一个人有自己的选择时，要多鼓励，因为那就是梦想。', '2015-12-03 08:54:09');
INSERT INTO `trace` VALUES ('86', 'www', '52', '感觉这些日常的事还是人们自己动手好。', '2015-12-03 08:59:03');
INSERT INTO `trace` VALUES ('87', 'kkk', '53', '我长大了，父母老了。', '2015-12-03 09:02:38');
INSERT INTO `trace` VALUES ('88', 'kkk', '19', '不学数学一年了，有点怀念~', '2015-12-03 14:23:42');
INSERT INTO `trace` VALUES ('89', 'ppp', '54', '赞赞，坚持下去就一定能成功。', '2015-12-04 09:22:32');

-- ----------------------------
-- Table structure for `userinfo`
-- ----------------------------
DROP TABLE IF EXISTS `userinfo`;
CREATE TABLE `userinfo` (
  `uid` int(4) NOT NULL AUTO_INCREMENT,
  `uname` varchar(50) NOT NULL,
  `upass` varchar(50) NOT NULL,
  `usex` char(10) NOT NULL,
  `uemail` varchar(20) NOT NULL,
  `ubirthday` date NOT NULL,
  `uaddress` varchar(50) NOT NULL,
  `ucreatetime` datetime NOT NULL,
  PRIMARY KEY (`uid`)
) ENGINE=InnoDB AUTO_INCREMENT=47 DEFAULT CHARSET=utf8;

-- ----------------------------
-- Records of userinfo
-- ----------------------------
INSERT INTO `userinfo` VALUES ('1', 'wxy', '111111', '男', '1294449575@qq.com', '0000-00-00', 'i', '2015-10-23 00:00:00');
INSERT INTO `userinfo` VALUES ('2', 'www', '123456', '男', '110@126.com', '1995-05-08', '山东滨州', '2015-10-23 15:36:06');
INSERT INTO `userinfo` VALUES ('3', '张三', '111111', '男', '1111@1.c', '1995-12-11', '滨州', '2015-10-23 15:39:20');
INSERT INTO `userinfo` VALUES ('4', 'wer', '123456', '男', '129@130.com', '1995-04-03', '济南', '2015-10-24 15:46:32');
INSERT INTO `userinfo` VALUES ('5', 'abc', 'abcdef', '男', '129@126.com', '1995-12-09', '山东青岛', '2015-10-25 14:53:24');
INSERT INTO `userinfo` VALUES ('6', '123', 'abcabc', '男', 't1@1.c', '1995-08-09', '滨州', '2015-10-25 15:44:23');
INSERT INTO `userinfo` VALUES ('7', 'kkk', '123456', '男', '1294449575@qq.com', '1995-01-01', '枣庄', '2015-10-25 15:59:30');
INSERT INTO `userinfo` VALUES ('8', 'qqq', 'abcabc', '男', 'w1@1.c', '1997-09-09', '济南', '2015-10-25 16:00:17');
INSERT INTO `userinfo` VALUES ('9', 'ppp', 'abcabc', '男', '1101@1.c', '2002-02-02', '滨州', '2015-10-25 16:02:36');
INSERT INTO `userinfo` VALUES ('10', '赵', 'abcabc', '男', '1@e.m', '1995-12-10', '济南', '2015-10-25 17:06:42');
INSERT INTO `userinfo` VALUES ('11', '钱', 'abcabc', '男', '1@1.c', '1998-04-05', '滨州', '2015-10-25 17:09:10');
INSERT INTO `userinfo` VALUES ('12', '孙', 'abcabc', '男', '1@1.c', '1998-04-05', '滨州', '2015-10-25 17:11:59');
INSERT INTO `userinfo` VALUES ('13', '李', 'abcabc', '男', '1@1.c', '1987-03-09', '滨州', '2015-10-25 17:12:33');
INSERT INTO `userinfo` VALUES ('14', '周', 'abcabc', '男', '1@1.c', '1990-09-09', '滨州', '2015-10-25 17:25:13');
INSERT INTO `userinfo` VALUES ('15', '吴', 'abcabc', '男', '1@1.c', '1111-11-11', '滨州', '2015-10-25 17:27:25');
INSERT INTO `userinfo` VALUES ('16', '郑', 'abcabc', '男', '1@1.c', '0000-00-00', '滨州', '2015-10-25 17:28:45');
INSERT INTO `userinfo` VALUES ('17', '王', 'abcabc', '男', '1@1.c', '1995-10-10', '滨州', '2015-10-25 17:32:07');
INSERT INTO `userinfo` VALUES ('18', '冯', 'abcabc', '男', '1@1.c', '0000-00-00', '滨州', '2015-10-25 17:32:36');
INSERT INTO `userinfo` VALUES ('19', '陈', '123456', '男', '1@1.c', '0000-00-00', '滨州', '2015-10-25 17:34:17');
INSERT INTO `userinfo` VALUES ('20', 'lkf', '123456', '男', '1@1.c', '1998-09-06', '滨州', '2015-10-25 17:39:21');
INSERT INTO `userinfo` VALUES ('21', 'mm', 'abcabc', '男', '1@1.c', '1998-09-09', '山东菏泽', '2015-10-25 19:52:33');
INSERT INTO `userinfo` VALUES ('22', 'oo', '123456', '男', '1@1.c', '1998-09-09', '滨州', '2015-10-25 19:52:54');
INSERT INTO `userinfo` VALUES ('23', 'lll', '123456', '男', '1@1.c', '1987-12-12', '滨州', '2015-10-25 19:59:24');
INSERT INTO `userinfo` VALUES ('24', 'qqqq', 'qqqqqq', '男', '120@z.m', '1999-09-09', '山东潍坊', '2015-10-27 08:00:21');
INSERT INTO `userinfo` VALUES ('25', '韦学艳', 'abcdef', '女', '1294449575@qq.com', '1995-12-10', '山东潍坊', '2015-11-05 08:33:42');
INSERT INTO `userinfo` VALUES ('26', '1￥￥', 'wertyu', '男', '1@1.1', '1996-09-09', '济南', '2015-11-05 09:03:30');
INSERT INTO `userinfo` VALUES ('28', '2%%', 'qwerty', '男', '1@1.1', '1999-09-09', '滨州', '2015-11-05 09:09:16');
INSERT INTO `userinfo` VALUES ('30', '&&', 'qwerty', '男', '1@1.1', '1999-09-09', '济南', '2015-11-05 09:11:43');
INSERT INTO `userinfo` VALUES ('31', '@@@', 'qweqwe', '男', '1@1.1', '1999-09-09', '济南', '2015-11-05 09:26:13');
INSERT INTO `userinfo` VALUES ('33', '（）', 'qwerty', '男', '1@1.1', '1999-09-09', '济南', '2015-11-05 09:29:02');
INSERT INTO `userinfo` VALUES ('35', 'qwe', 'qwerty', '男', '1@1.1', '1999-09-09', '济南', '2015-11-06 08:21:22');
INSERT INTO `userinfo` VALUES ('38', 'xx', 'qweqwe', '男', '1@1.c', '1999-09-09', '济南', '2015-11-06 09:03:33');
INSERT INTO `userinfo` VALUES ('39', '一一', '123456', '男', '1294449575@qq.com', '1995-12-10', '', '2015-11-23 08:56:57');
INSERT INTO `userinfo` VALUES ('40', 'pce', '123456', '男', '1@1.c', '1999-12-10', '济南', '2015-11-23 09:53:23');
INSERT INTO `userinfo` VALUES ('41', 'yy', '123456', '男', '110@163.com', '1995-05-08', '青岛', '2015-11-29 11:11:30');
INSERT INTO `userinfo` VALUES ('42', 'kily', '123456', '男', '1@1.c', '1998-11-29', '东营', '2015-11-29 11:12:58');
INSERT INTO `userinfo` VALUES ('43', 'lzs', '123456', '男', '2@q.c', '1998-11-11', '烟台', '2015-11-29 11:14:00');
INSERT INTO `userinfo` VALUES ('44', 'qaz', '123456', '女', '1294449575@qq.com', '1990-01-01', '济南', '2015-11-29 16:22:21');
INSERT INTO `userinfo` VALUES ('45', 'qaz', '123456', '女', '1294449575@qq.com', '1990-01-01', '济南', '2015-11-29 16:29:05');
